-- MySQL dump 10.13  Distrib 5.1.73, for redhat-linux-gnu (x86_64)
--
-- Host: localhost    Database: weegly
-- ------------------------------------------------------
-- Server version	5.1.73

/*!40101 SET @OLD_CHARACTER_SET_CLIENT=@@CHARACTER_SET_CLIENT */;
/*!40101 SET @OLD_CHARACTER_SET_RESULTS=@@CHARACTER_SET_RESULTS */;
/*!40101 SET @OLD_COLLATION_CONNECTION=@@COLLATION_CONNECTION */;
/*!40101 SET NAMES utf8 */;
/*!40103 SET @OLD_TIME_ZONE=@@TIME_ZONE */;
/*!40103 SET TIME_ZONE='+00:00' */;
/*!40014 SET @OLD_UNIQUE_CHECKS=@@UNIQUE_CHECKS, UNIQUE_CHECKS=0 */;
/*!40014 SET @OLD_FOREIGN_KEY_CHECKS=@@FOREIGN_KEY_CHECKS, FOREIGN_KEY_CHECKS=0 */;
/*!40101 SET @OLD_SQL_MODE=@@SQL_MODE, SQL_MODE='NO_AUTO_VALUE_ON_ZERO' */;
/*!40111 SET @OLD_SQL_NOTES=@@SQL_NOTES, SQL_NOTES=0 */;

--
-- Table structure for table `ci_sessions`
--

DROP TABLE IF EXISTS `ci_sessions`;
/*!40101 SET @saved_cs_client     = @@character_set_client */;
/*!40101 SET character_set_client = utf8 */;
CREATE TABLE `ci_sessions` (
  `session_id` varchar(40) NOT NULL DEFAULT '0',
  `ip_address` varchar(45) NOT NULL DEFAULT '0',
  `user_agent` varchar(120) NOT NULL,
  `last_activity` int(10) unsigned NOT NULL DEFAULT '0',
  `user_data` text NOT NULL,
  PRIMARY KEY (`session_id`),
  KEY `last_activity_idx` (`last_activity`)
) ENGINE=MyISAM DEFAULT CHARSET=latin1;
/*!40101 SET character_set_client = @saved_cs_client */;

--
-- Dumping data for table `ci_sessions`
--

LOCK TABLES `ci_sessions` WRITE;
/*!40000 ALTER TABLE `ci_sessions` DISABLE KEYS */;
INSERT INTO `ci_sessions` VALUES ('d0595e4263d03e03fc1cbb00e2de795a','180.94.217.131','Mozilla/5.0 (iPhone; CPU iPhone OS 8_1 like Mac OS X) AppleWebKit/600.1.4 (KHTML, like Gecko) Version/8.0 Mobile/12B410 ',1429582856,''),('5ebe1c761be0e2695a2becf1104a3d2a','42.60.198.251','Mozilla/5.0 (Macintosh; Intel Mac OS X 10_10_3) AppleWebKit/537.36 (KHTML, like Gecko) Chrome/42.0.2311.90 Safari/537.36',1430100851,'a:2:{s:9:\"user_data\";s:0:\"\";s:10:\"weeglydata\";a:3:{s:7:\"account\";a:3:{s:7:\"user_id\";s:1:\"1\";s:9:\"user_code\";s:39:\"0bee-89b0-7a24-8e27-c83f-c3d5-9512-13c1\";s:10:\"user_email\";s:21:\"tonyprawiro@gmail.com\";}s:7:\"navdate\";s:10:\"2015-04-27\";s:9:\"weekitems\";a:5:{i:0;a:15:{i:0;O:8:\"stdClass\":4:{s:2:\"id\";s:8:\"I1512230\";s:3:\"val\";s:26:\"Landing page: anchor label\";s:5:\"order\";s:1:\"1\";s:7:\"classes\";s:28:\"importance-normal postpone-0\";}i:1;O:8:\"stdClass\":4:{s:2:\"id\";s:8:\"I1835573\";s:3:\"val\";s:29:\"D/R: check wwfnz_core problem\";s:5:\"order\";s:1:\"2\";s:7:\"classes\";s:28:\"importance-normal postpone-0\";}i:2;O:8:\"stdClass\":4:{s:2:\"id\";s:8:\"I1989358\";s:3:\"val\";s:36:\"WMTools for video - AWS E.Transcoder\";s:5:\"order\";s:1:\"3\";s:7:\"classes\";s:28:\"importance-normal postpone-0\";}i:3;O:8:\"stdClass\":4:{s:2:\"id\";s:8:\"I1970782\";s:3:\"val\";s:20:\"CPF education scheme\";s:5:\"order\";s:1:\"4\";s:7:\"classes\";s:28:\"importance-normal postpone-0\";}i:4;O:8:\"stdClass\":4:{s:2:\"id\";s:8:\"I1687307\";s:3:\"val\";s:10:\"Login page\";s:5:\"order\";s:1:\"5\";s:7:\"classes\";s:28:\"importance-normal postpone-0\";}i:5;O:8:\"stdClass\":4:{s:2:\"id\";s:8:\"I1512671\";s:3:\"val\";s:21:\"D/R: performance test\";s:5:\"order\";s:1:\"6\";s:7:\"classes\";s:28:\"importance-normal postpone-0\";}i:6;O:8:\"stdClass\":4:{s:2:\"id\";s:8:\"I1232384\";s:3:\"val\";s:28:\"Convert binary_float columns\";s:5:\"order\";s:1:\"7\";s:7:\"classes\";s:28:\"importance-normal postpone-0\";}i:7;O:8:\"stdClass\":4:{s:2:\"id\";s:8:\"I1689571\";s:3:\"val\";s:37:\"Trim extra db: form_submittedformdata\";s:5:\"order\";s:1:\"8\";s:7:\"classes\";s:28:\"importance-normal postpone-0\";}i:8;O:8:\"stdClass\":4:{s:2:\"id\";s:8:\"I1404678\";s:3:\"val\";s:33:\"citibank limit review application\";s:5:\"order\";s:1:\"9\";s:7:\"classes\";s:28:\"importance-normal postpone-0\";}i:9;O:8:\"stdClass\":4:{s:2:\"id\";s:8:\"I1217390\";s:3:\"val\";s:36:\"google hosting for watermarking tool\";s:5:\"order\";s:2:\"10\";s:7:\"classes\";s:28:\"importance-normal postpone-0\";}i:10;O:8:\"stdClass\":4:{s:2:\"id\";s:8:\"I1134347\";s:3:\"val\";s:23:\"workflow queue reminder\";s:5:\"order\";s:2:\"11\";s:7:\"classes\";s:28:\"importance-normal postpone-0\";}i:11;O:8:\"stdClass\":4:{s:2:\"id\";s:8:\"I1854528\";s:3:\"val\";s:8:\"JobsBank\";s:5:\"order\";s:2:\"12\";s:7:\"classes\";s:28:\"importance-normal postpone-0\";}i:12;O:8:\"stdClass\":4:{s:2:\"id\";s:8:\"I1137834\";s:3:\"val\";s:46:\"JobScheduler (BMC Control-M alt) by SOS-Berlin\";s:5:\"order\";s:2:\"13\";s:7:\"classes\";s:28:\"importance-normal postpone-0\";}i:13;O:8:\"stdClass\":4:{s:2:\"id\";s:8:\"I1293818\";s:3:\"val\";s:24:\"Email provider migration\";s:5:\"order\";s:2:\"14\";s:7:\"classes\";s:28:\"importance-normal postpone-0\";}i:14;O:8:\"stdClass\":4:{s:2:\"id\";s:8:\"I1807413\";s:3:\"val\";s:19:\"change EC2 keypairs\";s:5:\"order\";s:2:\"15\";s:7:\"classes\";s:28:\"importance-normal postpone-0\";}}i:1;a:10:{i:0;O:8:\"stdClass\":4:{s:2:\"id\";s:8:\"I1898694\";s:3:\"val\";s:44:\"Landing page - roll out donatetab switch fix\";s:5:\"order\";s:1:\"1\";s:7:\"classes\";s:28:\"importance-normal postpone-0\";}i:1;O:8:\"stdClass\":4:{s:2:\"id\";s:8:\"I1999386\";s:3:\"val\";s:43:\"Tickets - Ninja\'s linking image to pdf file\";s:5:\"order\";s:1:\"2\";s:7:\"classes\";s:28:\"importance-normal postpone-0\";}i:2;O:8:\"stdClass\":4:{s:2:\"id\";s:8:\"I1264856\";s:3:\"val\";s:17:\"Page title switch\";s:5:\"order\";s:1:\"3\";s:7:\"classes\";s:28:\"importance-normal postpone-0\";}i:3;O:8:\"stdClass\":4:{s:2:\"id\";s:8:\"I1003944\";s:3:\"val\";s:37:\"Landing page - article list container\";s:5:\"order\";s:1:\"4\";s:7:\"classes\";s:28:\"importance-normal postpone-0\";}i:4;O:8:\"stdClass\":4:{s:2:\"id\";s:8:\"I1556593\";s:3:\"val\";s:73:\"Self healing script: test killing jrun / add more switches via amazon sms\";s:5:\"order\";s:1:\"5\";s:7:\"classes\";s:28:\"importance-normal postpone-0\";}i:5;O:8:\"stdClass\":4:{s:2:\"id\";s:8:\"I1691098\";s:3:\"val\";s:17:\"3pm Tech catch-up\";s:5:\"order\";s:1:\"6\";s:7:\"classes\";s:28:\"importance-normal postpone-0\";}i:6;O:8:\"stdClass\":4:{s:2:\"id\";s:8:\"I1782734\";s:3:\"val\";s:39:\"Download maps @ android phone (maps.me)\";s:5:\"order\";s:1:\"7\";s:7:\"classes\";s:28:\"importance-normal postpone-0\";}i:7;O:8:\"stdClass\":4:{s:2:\"id\";s:8:\"I1227179\";s:3:\"val\";s:32:\"Submit SC cert and pink IC to HR\";s:5:\"order\";s:1:\"8\";s:7:\"classes\";s:39:\"statusdone importance-normal postpone-0\";}i:8;O:8:\"stdClass\":4:{s:2:\"id\";s:8:\"I1047230\";s:3:\"val\";s:4:\"shaw\";s:5:\"order\";s:1:\"9\";s:7:\"classes\";s:39:\"statusdone importance-normal postpone-0\";}i:9;O:8:\"stdClass\":4:{s:2:\"id\";s:8:\"I1434904\";s:3:\"val\";s:19:\"apply leave for thu\";s:5:\"order\";s:2:\"10\";s:7:\"classes\";s:39:\"statusdone importance-normal postpone-0\";}}i:2;a:1:{i:0;O:8:\"stdClass\":4:{s:2:\"id\";s:8:\"I1011251\";s:3:\"val\";s:57:\"SSO - watermarking tool live, gvntest, gvn, clonepad, pad\";s:5:\"order\";s:1:\"1\";s:7:\"classes\";s:28:\"importance-normal postpone-0\";}}i:3;a:1:{i:0;O:8:\"stdClass\":4:{s:2:\"id\";s:8:\"I1892224\";s:3:\"val\";s:38:\"PEC @ NTUC building 7:15 pm - 10:30 pm\";s:5:\"order\";s:1:\"1\";s:7:\"classes\";s:28:\"importance-normal postpone-0\";}}i:4;a:3:{i:0;O:8:\"stdClass\":4:{s:2:\"id\";s:8:\"I1264129\";s:3:\"val\";s:44:\"HSBC Tampines - Change CPF & ask about \"INS\"\";s:5:\"order\";s:1:\"1\";s:7:\"classes\";s:28:\"importance-normal postpone-0\";}i:1;O:8:\"stdClass\":4:{s:2:\"id\";s:8:\"I1236124\";s:3:\"val\";s:13:\"Get a haircut\";s:5:\"order\";s:1:\"3\";s:7:\"classes\";s:28:\"importance-normal postpone-0\";}i:2;O:8:\"stdClass\":4:{s:2:\"id\";s:8:\"I1236097\";s:3:\"val\";s:31:\"Enter personal data to SwissAir\";s:5:\"order\";s:1:\"4\";s:7:\"classes\";s:28:\"importance-normal postpone-0\";}}}}}'),('b9faf8a3fa3e864e1e43723c49b8ab70','180.94.217.131','Mozilla/5.0 (Macintosh; Intel Mac OS X 10_10_1) AppleWebKit/537.36 (KHTML, like Gecko) Chrome/42.0.2311.90 Safari/537.36',1429852968,'a:2:{s:9:\"user_data\";s:0:\"\";s:10:\"weeglydata\";a:3:{s:7:\"account\";a:3:{s:7:\"user_id\";s:1:\"1\";s:9:\"user_code\";s:39:\"0bee-89b0-7a24-8e27-c83f-c3d5-9512-13c1\";s:10:\"user_email\";s:21:\"tonyprawiro@gmail.com\";}s:7:\"navdate\";s:10:\"2015-04-20\";s:9:\"weekitems\";a:8:{i:0;a:19:{i:0;O:8:\"stdClass\":4:{s:2:\"id\";s:8:\"I1835573\";s:3:\"val\";s:29:\"D/R: check wwfnz_core problem\";s:5:\"order\";s:1:\"1\";s:7:\"classes\";s:28:\"importance-normal postpone-0\";}i:1;O:8:\"stdClass\":4:{s:2:\"id\";s:8:\"I1011251\";s:3:\"val\";s:57:\"SSO - watermarking tool live, gvntest, gvn, clonepad, pad\";s:5:\"order\";s:1:\"2\";s:7:\"classes\";s:28:\"importance-normal postpone-0\";}i:2;O:8:\"stdClass\":4:{s:2:\"id\";s:8:\"I1624250\";s:3:\"val\";s:19:\"Call HSBC ask \"INS\"\";s:5:\"order\";s:1:\"3\";s:7:\"classes\";s:28:\"importance-normal postpone-0\";}i:3;O:8:\"stdClass\":4:{s:2:\"id\";s:8:\"I1003944\";s:3:\"val\";s:37:\"Landing page - article list container\";s:5:\"order\";s:1:\"4\";s:7:\"classes\";s:28:\"importance-normal postpone-0\";}i:4;O:8:\"stdClass\":4:{s:2:\"id\";s:8:\"I1989358\";s:3:\"val\";s:44:\"think about wmtools video - aws e.transcoder\";s:5:\"order\";s:1:\"5\";s:7:\"classes\";s:28:\"importance-normal postpone-0\";}i:5;O:8:\"stdClass\":4:{s:2:\"id\";s:8:\"I1970782\";s:3:\"val\";s:20:\"CPF education scheme\";s:5:\"order\";s:1:\"6\";s:7:\"classes\";s:28:\"importance-normal postpone-0\";}i:6;O:8:\"stdClass\":4:{s:2:\"id\";s:8:\"I1117463\";s:3:\"val\";s:30:\"Partial loan capital repayment\";s:5:\"order\";s:1:\"7\";s:7:\"classes\";s:28:\"importance-normal postpone-0\";}i:7;O:8:\"stdClass\":4:{s:2:\"id\";s:8:\"I1236097\";s:3:\"val\";s:31:\"Enter personal data to SwissAir\";s:5:\"order\";s:1:\"8\";s:7:\"classes\";s:28:\"importance-normal postpone-0\";}i:8;O:8:\"stdClass\":4:{s:2:\"id\";s:8:\"I1687307\";s:3:\"val\";s:10:\"Login page\";s:5:\"order\";s:1:\"9\";s:7:\"classes\";s:28:\"importance-normal postpone-0\";}i:9;O:8:\"stdClass\":4:{s:2:\"id\";s:8:\"I1512671\";s:3:\"val\";s:21:\"D/R: performance test\";s:5:\"order\";s:2:\"10\";s:7:\"classes\";s:28:\"importance-normal postpone-0\";}i:10;O:8:\"stdClass\":4:{s:2:\"id\";s:8:\"I1232384\";s:3:\"val\";s:28:\"Convert binary_float columns\";s:5:\"order\";s:2:\"11\";s:7:\"classes\";s:28:\"importance-normal postpone-0\";}i:11;O:8:\"stdClass\":4:{s:2:\"id\";s:8:\"I1689571\";s:3:\"val\";s:37:\"Trim extra db: form_submittedformdata\";s:5:\"order\";s:2:\"12\";s:7:\"classes\";s:28:\"importance-normal postpone-0\";}i:12;O:8:\"stdClass\":4:{s:2:\"id\";s:8:\"I1404678\";s:3:\"val\";s:33:\"citibank limit review application\";s:5:\"order\";s:2:\"13\";s:7:\"classes\";s:28:\"importance-normal postpone-0\";}i:13;O:8:\"stdClass\":4:{s:2:\"id\";s:8:\"I1217390\";s:3:\"val\";s:36:\"google hosting for watermarking tool\";s:5:\"order\";s:2:\"14\";s:7:\"classes\";s:28:\"importance-normal postpone-0\";}i:14;O:8:\"stdClass\":4:{s:2:\"id\";s:8:\"I1134347\";s:3:\"val\";s:23:\"workflow queue reminder\";s:5:\"order\";s:2:\"15\";s:7:\"classes\";s:28:\"importance-normal postpone-0\";}i:15;O:8:\"stdClass\":4:{s:2:\"id\";s:8:\"I1854528\";s:3:\"val\";s:8:\"JobsBank\";s:5:\"order\";s:2:\"16\";s:7:\"classes\";s:28:\"importance-normal postpone-0\";}i:16;O:8:\"stdClass\":4:{s:2:\"id\";s:8:\"I1137834\";s:3:\"val\";s:46:\"JobScheduler (BMC Control-M alt) by SOS-Berlin\";s:5:\"order\";s:2:\"17\";s:7:\"classes\";s:28:\"importance-normal postpone-0\";}i:17;O:8:\"stdClass\":4:{s:2:\"id\";s:8:\"I1293818\";s:3:\"val\";s:24:\"Email provider migration\";s:5:\"order\";s:2:\"18\";s:7:\"classes\";s:28:\"importance-normal postpone-0\";}i:18;O:8:\"stdClass\":4:{s:2:\"id\";s:8:\"I1807413\";s:3:\"val\";s:19:\"change EC2 keypairs\";s:5:\"order\";s:2:\"19\";s:7:\"classes\";s:28:\"importance-normal postpone-0\";}}i:1;a:9:{i:0;O:8:\"stdClass\":4:{s:2:\"id\";s:8:\"I1914533\";s:3:\"val\";s:17:\"3pm Tech catch up\";s:5:\"order\";s:1:\"1\";s:7:\"classes\";s:39:\"statusdone importance-normal postpone-0\";}i:1;O:8:\"stdClass\":4:{s:2:\"id\";s:8:\"I1337405\";s:3:\"val\";s:40:\"Self healing script - apache, coldfusion\";s:5:\"order\";s:1:\"2\";s:7:\"classes\";s:39:\"statusdone importance-normal postpone-0\";}i:2;O:8:\"stdClass\":4:{s:2:\"id\";s:8:\"I1645747\";s:3:\"val\";s:19:\"D/R emails: CC test\";s:5:\"order\";s:1:\"3\";s:7:\"classes\";s:39:\"statusdone importance-normal postpone-0\";}i:3;O:8:\"stdClass\":4:{s:2:\"id\";s:8:\"I1910462\";s:3:\"val\";s:38:\"SSO - watermarking tool, email Olivier\";s:5:\"order\";s:1:\"4\";s:7:\"classes\";s:39:\"statusdone importance-normal postpone-0\";}i:4;O:8:\"stdClass\":4:{s:2:\"id\";s:8:\"I1193783\";s:3:\"val\";s:4:\"Shaw\";s:5:\"order\";s:1:\"5\";s:7:\"classes\";s:39:\"statusdone importance-normal postpone-0\";}i:5;O:8:\"stdClass\":4:{s:2:\"id\";s:8:\"I1164261\";s:3:\"val\";s:40:\"Update housing expenses add PUB Apr 2015\";s:5:\"order\";s:1:\"6\";s:7:\"classes\";s:39:\"statusdone importance-normal postpone-0\";}i:6;O:8:\"stdClass\":4:{s:2:\"id\";s:8:\"I1081257\";s:3:\"val\";s:7:\"Tickets\";s:5:\"order\";s:1:\"7\";s:7:\"classes\";s:39:\"statusdone importance-normal postpone-0\";}i:7;O:8:\"stdClass\":4:{s:2:\"id\";s:8:\"I1649134\";s:3:\"val\";s:31:\"Check GVN resource type problem\";s:5:\"order\";s:1:\"8\";s:7:\"classes\";s:39:\"statusdone importance-normal postpone-0\";}i:8;O:8:\"stdClass\":4:{s:2:\"id\";s:8:\"I1749456\";s:3:\"val\";s:13:\"Reply Olivier\";s:5:\"order\";s:1:\"9\";s:7:\"classes\";s:39:\"statusdone importance-normal postpone-0\";}}i:2;a:6:{i:0;O:8:\"stdClass\":4:{s:2:\"id\";s:8:\"I1167144\";s:3:\"val\";s:40:\"Self healing script - apache, coldfusion\";s:5:\"order\";s:1:\"1\";s:7:\"classes\";s:39:\"statusdone importance-normal postpone-0\";}i:1;O:8:\"stdClass\":4:{s:2:\"id\";s:8:\"I1733300\";s:3:\"val\";s:17:\"D/R: db dump size\";s:5:\"order\";s:1:\"2\";s:7:\"classes\";s:39:\"statusdone importance-normal postpone-0\";}i:2;O:8:\"stdClass\":4:{s:2:\"id\";s:8:\"I1761389\";s:3:\"val\";s:36:\"Landing page html tag lang attribute\";s:5:\"order\";s:1:\"3\";s:7:\"classes\";s:39:\"statusdone importance-normal postpone-0\";}i:3;O:8:\"stdClass\":4:{s:2:\"id\";s:8:\"I1813745\";s:3:\"val\";s:43:\"Mike\'s landing page footer committed to git\";s:5:\"order\";s:1:\"4\";s:7:\"classes\";s:39:\"statusdone importance-normal postpone-0\";}i:4;O:8:\"stdClass\":4:{s:2:\"id\";s:8:\"I1370765\";s:3:\"val\";s:23:\"Reply olivier about GVN\";s:5:\"order\";s:1:\"5\";s:7:\"classes\";s:39:\"statusdone importance-normal postpone-0\";}i:5;O:8:\"stdClass\":4:{s:2:\"id\";s:8:\"I1092959\";s:3:\"val\";s:7:\"Tickets\";s:5:\"order\";s:1:\"6\";s:7:\"classes\";s:39:\"statusdone importance-normal postpone-0\";}}i:3;a:1:{i:0;O:8:\"stdClass\":4:{s:2:\"id\";s:8:\"I1469974\";s:3:\"val\";s:40:\"Self healing script - apache, coldfusion\";s:5:\"order\";s:1:\"1\";s:7:\"classes\";s:39:\"statusdone importance-normal postpone-0\";}}i:4;a:2:{i:0;O:8:\"stdClass\":4:{s:2:\"id\";s:8:\"I1960383\";s:3:\"val\";s:36:\"Landing page: article list container\";s:5:\"order\";s:1:\"1\";s:7:\"classes\";s:39:\"statusdone importance-normal postpone-0\";}i:1;O:8:\"stdClass\":4:{s:2:\"id\";s:8:\"I1148265\";s:3:\"val\";s:20:\"GVN home page update\";s:5:\"order\";s:1:\"2\";s:7:\"classes\";s:39:\"statusdone importance-normal postpone-0\";}}i:5;a:5:{i:0;O:8:\"stdClass\":4:{s:2:\"id\";s:8:\"I1805315\";s:3:\"val\";s:17:\"Page title switch\";s:5:\"order\";s:1:\"1\";s:7:\"classes\";s:28:\"importance-normal postpone-0\";}i:1;O:8:\"stdClass\":4:{s:2:\"id\";s:8:\"I1095821\";s:3:\"val\";s:36:\"Landing page: article list container\";s:5:\"order\";s:1:\"2\";s:7:\"classes\";s:28:\"importance-normal postpone-0\";}i:2;O:8:\"stdClass\":4:{s:2:\"id\";s:8:\"I1801661\";s:3:\"val\";s:40:\"Self healing script - apache, coldfusion\";s:5:\"order\";s:1:\"3\";s:7:\"classes\";s:28:\"importance-normal postpone-0\";}i:3;O:8:\"stdClass\":4:{s:2:\"id\";s:8:\"I1512230\";s:3:\"val\";s:26:\"Landing page: anchor label\";s:5:\"order\";s:1:\"4\";s:7:\"classes\";s:28:\"importance-normal postpone-0\";}i:4;O:8:\"stdClass\":4:{s:2:\"id\";s:8:\"I1493944\";s:3:\"val\";s:7:\"Tickets\";s:5:\"order\";s:1:\"5\";s:7:\"classes\";s:39:\"statusdone importance-normal postpone-0\";}}i:6;a:1:{i:0;O:8:\"stdClass\":4:{s:2:\"id\";s:8:\"I1978930\";s:3:\"val\";s:44:\"2-5pm New citizen ceremony @ mount batten CC\";s:5:\"order\";s:1:\"1\";s:7:\"classes\";s:28:\"importance-normal postpone-0\";}}i:7;a:1:{i:0;O:8:\"stdClass\":4:{s:2:\"id\";s:8:\"I1316448\";s:3:\"val\";s:16:\"11:45am Shichida\";s:5:\"order\";s:1:\"1\";s:7:\"classes\";s:28:\"importance-normal postpone-0\";}}}}}'),('e615038801f50adbd3c6ca5ac0d0238f','180.94.217.131','Mozilla/5.0 (Macintosh; Intel Mac OS X 10_10_1) AppleWebKit/537.36 (KHTML, like Gecko) Chrome/41.0.2272.118 Safari/537.3',1429503217,'a:1:{s:10:\"weeglydata\";a:3:{s:7:\"account\";a:3:{s:7:\"user_id\";s:1:\"1\";s:9:\"user_code\";s:39:\"0bee-89b0-7a24-8e27-c83f-c3d5-9512-13c1\";s:10:\"user_email\";s:21:\"tonyprawiro@gmail.com\";}s:7:\"navdate\";s:10:\"2015-04-20\";s:9:\"weekitems\";a:4:{i:0;a:18:{i:0;O:8:\"stdClass\":4:{s:2:\"id\";s:8:\"I1624250\";s:3:\"val\";s:19:\"Call HSBC ask \"INS\"\";s:5:\"order\";s:1:\"1\";s:7:\"classes\";s:28:\"importance-normal postpone-0\";}i:1;O:8:\"stdClass\":4:{s:2:\"id\";s:8:\"I1794990\";s:3:\"val\";s:9:\"SSO - CMS\";s:5:\"order\";s:1:\"2\";s:7:\"classes\";s:28:\"importance-normal postpone-0\";}i:2;O:8:\"stdClass\":4:{s:2:\"id\";s:8:\"I1003944\";s:3:\"val\";s:37:\"Landing page - article list container\";s:5:\"order\";s:1:\"3\";s:7:\"classes\";s:28:\"importance-normal postpone-0\";}i:3;O:8:\"stdClass\":4:{s:2:\"id\";s:8:\"I1989358\";s:3:\"val\";s:44:\"think about wmtools video - aws e.transcoder\";s:5:\"order\";s:1:\"4\";s:7:\"classes\";s:28:\"importance-normal postpone-0\";}i:4;O:8:\"stdClass\":4:{s:2:\"id\";s:8:\"I1970782\";s:3:\"val\";s:20:\"CPF education scheme\";s:5:\"order\";s:1:\"5\";s:7:\"classes\";s:28:\"importance-normal postpone-0\";}i:5;O:8:\"stdClass\":4:{s:2:\"id\";s:8:\"I1117463\";s:3:\"val\";s:30:\"Partial loan capital repayment\";s:5:\"order\";s:1:\"6\";s:7:\"classes\";s:28:\"importance-normal postpone-0\";}i:6;O:8:\"stdClass\":4:{s:2:\"id\";s:8:\"I1236097\";s:3:\"val\";s:31:\"Enter personal data to SwissAir\";s:5:\"order\";s:1:\"7\";s:7:\"classes\";s:28:\"importance-normal postpone-0\";}i:7;O:8:\"stdClass\":4:{s:2:\"id\";s:8:\"I1687307\";s:3:\"val\";s:10:\"Login page\";s:5:\"order\";s:1:\"8\";s:7:\"classes\";s:28:\"importance-normal postpone-0\";}i:8;O:8:\"stdClass\":4:{s:2:\"id\";s:8:\"I1512671\";s:3:\"val\";s:21:\"D/R: performance test\";s:5:\"order\";s:1:\"9\";s:7:\"classes\";s:28:\"importance-normal postpone-0\";}i:9;O:8:\"stdClass\":4:{s:2:\"id\";s:8:\"I1232384\";s:3:\"val\";s:28:\"Convert binary_float columns\";s:5:\"order\";s:2:\"10\";s:7:\"classes\";s:28:\"importance-normal postpone-0\";}i:10;O:8:\"stdClass\":4:{s:2:\"id\";s:8:\"I1689571\";s:3:\"val\";s:37:\"Trim extra db: form_submittedformdata\";s:5:\"order\";s:2:\"11\";s:7:\"classes\";s:28:\"importance-normal postpone-0\";}i:11;O:8:\"stdClass\":4:{s:2:\"id\";s:8:\"I1404678\";s:3:\"val\";s:33:\"citibank limit review application\";s:5:\"order\";s:2:\"12\";s:7:\"classes\";s:28:\"importance-normal postpone-0\";}i:12;O:8:\"stdClass\":4:{s:2:\"id\";s:8:\"I1217390\";s:3:\"val\";s:36:\"google hosting for watermarking tool\";s:5:\"order\";s:2:\"13\";s:7:\"classes\";s:28:\"importance-normal postpone-0\";}i:13;O:8:\"stdClass\":4:{s:2:\"id\";s:8:\"I1134347\";s:3:\"val\";s:23:\"workflow queue reminder\";s:5:\"order\";s:2:\"14\";s:7:\"classes\";s:28:\"importance-normal postpone-0\";}i:14;O:8:\"stdClass\":4:{s:2:\"id\";s:8:\"I1854528\";s:3:\"val\";s:8:\"JobsBank\";s:5:\"order\";s:2:\"15\";s:7:\"classes\";s:28:\"importance-normal postpone-0\";}i:15;O:8:\"stdClass\":4:{s:2:\"id\";s:8:\"I1137834\";s:3:\"val\";s:46:\"JobScheduler (BMC Control-M alt) by SOS-Berlin\";s:5:\"order\";s:2:\"16\";s:7:\"classes\";s:28:\"importance-normal postpone-0\";}i:16;O:8:\"stdClass\":4:{s:2:\"id\";s:8:\"I1293818\";s:3:\"val\";s:24:\"Email provider migration\";s:5:\"order\";s:2:\"17\";s:7:\"classes\";s:28:\"importance-normal postpone-0\";}i:17;O:8:\"stdClass\":4:{s:2:\"id\";s:8:\"I1807413\";s:3:\"val\";s:19:\"change EC2 keypairs\";s:5:\"order\";s:2:\"18\";s:7:\"classes\";s:28:\"importance-normal postpone-0\";}}i:1;a:9:{i:0;O:8:\"stdClass\":4:{s:2:\"id\";s:8:\"I1910462\";s:3:\"val\";s:23:\"SSO - watermarking tool\";s:5:\"order\";s:1:\"2\";s:7:\"classes\";s:28:\"importance-normal postpone-0\";}i:1;O:8:\"stdClass\":4:{s:2:\"id\";s:8:\"I1337405\";s:3:\"val\";s:40:\"Self healing script - apache, coldfusion\";s:5:\"order\";s:1:\"3\";s:7:\"classes\";s:28:\"importance-normal postpone-0\";}i:2;O:8:\"stdClass\":4:{s:2:\"id\";s:8:\"I1914533\";s:3:\"val\";s:17:\"3pm Tech catch up\";s:5:\"order\";s:1:\"4\";s:7:\"classes\";s:28:\"importance-normal postpone-0\";}i:3;O:8:\"stdClass\":4:{s:2:\"id\";s:8:\"I1193783\";s:3:\"val\";s:4:\"Shaw\";s:5:\"order\";s:1:\"5\";s:7:\"classes\";s:28:\"importance-normal postpone-0\";}i:4;O:8:\"stdClass\":4:{s:2:\"id\";s:8:\"I1645747\";s:3:\"val\";s:19:\"D/R emails: CC test\";s:5:\"order\";s:1:\"1\";s:7:\"classes\";s:39:\"statusdone importance-normal postpone-0\";}i:5;O:8:\"stdClass\":4:{s:2:\"id\";s:8:\"I1164261\";s:3:\"val\";s:40:\"Update housing expenses add PUB Apr 2015\";s:5:\"order\";s:1:\"6\";s:7:\"classes\";s:39:\"statusdone importance-normal postpone-0\";}i:6;O:8:\"stdClass\":4:{s:2:\"id\";s:8:\"I1081257\";s:3:\"val\";s:7:\"Tickets\";s:5:\"order\";s:1:\"7\";s:7:\"classes\";s:39:\"statusdone importance-normal postpone-0\";}i:7;O:8:\"stdClass\":4:{s:2:\"id\";s:8:\"I1649134\";s:3:\"val\";s:31:\"Check GVN resource type problem\";s:5:\"order\";s:1:\"8\";s:7:\"classes\";s:39:\"statusdone importance-normal postpone-0\";}i:8;O:8:\"stdClass\":4:{s:2:\"id\";s:8:\"I1749456\";s:3:\"val\";s:13:\"Reply Olivier\";s:5:\"order\";s:1:\"9\";s:7:\"classes\";s:39:\"statusdone importance-normal postpone-0\";}}i:6;a:1:{i:0;O:8:\"stdClass\":4:{s:2:\"id\";s:8:\"I1978930\";s:3:\"val\";s:41:\"PM New citizen ceremony @ mount batten CC\";s:5:\"order\";s:1:\"1\";s:7:\"classes\";s:28:\"importance-normal postpone-0\";}}i:7;a:1:{i:0;O:8:\"stdClass\":4:{s:2:\"id\";s:8:\"I1316448\";s:3:\"val\";s:8:\"Shichida\";s:5:\"order\";s:1:\"1\";s:7:\"classes\";s:28:\"importance-normal postpone-0\";}}}}}'),('ca77c0a4b3dac1739d6f3ea7dab4f92f','180.94.217.131','Mozilla/5.0 (iPhone; CPU iPhone OS 8_1 like Mac OS X) AppleWebKit/600.1.4 (KHTML, like Gecko) Version/8.0 Mobile/12B410 ',1427679937,''),('dec2a08f2ced89d19265489fb49954ed','180.94.217.131','Mozilla/5.0 (Macintosh; Intel Mac OS X 10_10_1) AppleWebKit/537.36 (KHTML, like Gecko) Chrome/41.0.2272.104 Safari/537.3',1428292569,'a:2:{s:9:\"user_data\";s:0:\"\";s:10:\"weeglydata\";a:3:{s:7:\"account\";a:3:{s:7:\"user_id\";s:1:\"1\";s:9:\"user_code\";s:39:\"0bee-89b0-7a24-8e27-c83f-c3d5-9512-13c1\";s:10:\"user_email\";s:21:\"tonyprawiro@gmail.com\";}s:7:\"navdate\";s:10:\"2015-04-06\";s:9:\"weekitems\";a:2:{i:0;a:14:{i:0;O:8:\"stdClass\":4:{s:2:\"id\";s:8:\"I1687307\";s:3:\"val\";s:10:\"Login page\";s:5:\"order\";s:1:\"1\";s:7:\"classes\";s:28:\"importance-normal postpone-0\";}i:1;O:8:\"stdClass\":4:{s:2:\"id\";s:8:\"I1512671\";s:3:\"val\";s:21:\"D/R: performance test\";s:5:\"order\";s:1:\"2\";s:7:\"classes\";s:28:\"importance-normal postpone-0\";}i:2;O:8:\"stdClass\":4:{s:2:\"id\";s:8:\"I1504404\";s:3:\"val\";s:28:\"D/R: mount volumes on bootup\";s:5:\"order\";s:1:\"3\";s:7:\"classes\";s:28:\"importance-normal postpone-0\";}i:3;O:8:\"stdClass\":4:{s:2:\"id\";s:8:\"I1232384\";s:3:\"val\";s:28:\"Convert binary_float columns\";s:5:\"order\";s:1:\"4\";s:7:\"classes\";s:28:\"importance-normal postpone-0\";}i:4;O:8:\"stdClass\":4:{s:2:\"id\";s:8:\"I1689571\";s:3:\"val\";s:37:\"Trim extra db: form_submittedformdata\";s:5:\"order\";s:1:\"5\";s:7:\"classes\";s:28:\"importance-normal postpone-0\";}i:5;O:8:\"stdClass\":4:{s:2:\"id\";s:8:\"I1404678\";s:3:\"val\";s:33:\"citibank limit review application\";s:5:\"order\";s:1:\"6\";s:7:\"classes\";s:28:\"importance-normal postpone-0\";}i:6;O:8:\"stdClass\":4:{s:2:\"id\";s:8:\"I1217390\";s:3:\"val\";s:36:\"google hosting for watermarking tool\";s:5:\"order\";s:1:\"7\";s:7:\"classes\";s:28:\"importance-normal postpone-0\";}i:7;O:8:\"stdClass\":4:{s:2:\"id\";s:8:\"I1134347\";s:3:\"val\";s:23:\"workflow queue reminder\";s:5:\"order\";s:1:\"8\";s:7:\"classes\";s:28:\"importance-normal postpone-0\";}i:8;O:8:\"stdClass\":4:{s:2:\"id\";s:8:\"I1854528\";s:3:\"val\";s:8:\"JobsBank\";s:5:\"order\";s:1:\"9\";s:7:\"classes\";s:28:\"importance-normal postpone-0\";}i:9;O:8:\"stdClass\":4:{s:2:\"id\";s:8:\"I1137834\";s:3:\"val\";s:46:\"JobScheduler (BMC Control-M alt) by SOS-Berlin\";s:5:\"order\";s:2:\"10\";s:7:\"classes\";s:28:\"importance-normal postpone-0\";}i:10;O:8:\"stdClass\":4:{s:2:\"id\";s:8:\"I1777200\";s:3:\"val\";s:28:\"SG Parenthood Tax Rebate PTR\";s:5:\"order\";s:2:\"11\";s:7:\"classes\";s:28:\"importance-normal postpone-0\";}i:11;O:8:\"stdClass\":4:{s:2:\"id\";s:8:\"I1558786\";s:3:\"val\";s:25:\"shibboleth in peggy-clone\";s:5:\"order\";s:2:\"12\";s:7:\"classes\";s:28:\"importance-normal postpone-0\";}i:12;O:8:\"stdClass\":4:{s:2:\"id\";s:8:\"I1293818\";s:3:\"val\";s:24:\"Email provider migration\";s:5:\"order\";s:2:\"13\";s:7:\"classes\";s:28:\"importance-normal postpone-0\";}i:13;O:8:\"stdClass\":4:{s:2:\"id\";s:8:\"I1807413\";s:3:\"val\";s:19:\"change EC2 keypairs\";s:5:\"order\";s:2:\"14\";s:7:\"classes\";s:28:\"importance-normal postpone-0\";}}i:1;a:6:{i:0;O:8:\"stdClass\":4:{s:2:\"id\";s:8:\"I1031364\";s:3:\"val\";s:15:\"OrangeLogic API\";s:5:\"order\";s:1:\"2\";s:7:\"classes\";s:28:\"importance-normal postpone-0\";}i:1;O:8:\"stdClass\":4:{s:2:\"id\";s:8:\"I1802387\";s:3:\"val\";s:19:\"Test dev: next step\";s:5:\"order\";s:1:\"3\";s:7:\"classes\";s:28:\"importance-normal postpone-0\";}i:2;O:8:\"stdClass\":4:{s:2:\"id\";s:8:\"I1211754\";s:3:\"val\";s:3:\"D/R\";s:5:\"order\";s:1:\"4\";s:7:\"classes\";s:28:\"importance-normal postpone-0\";}i:3;O:8:\"stdClass\":4:{s:2:\"id\";s:8:\"I1873232\";s:3:\"val\";s:28:\"WWF NZ donation form changes\";s:5:\"order\";s:1:\"5\";s:7:\"classes\";s:28:\"importance-normal postpone-0\";}i:4;O:8:\"stdClass\":4:{s:2:\"id\";s:8:\"I1584065\";s:3:\"val\";s:32:\"Send travel request memo to Jeff\";s:5:\"order\";s:1:\"1\";s:7:\"classes\";s:39:\"statusdone importance-normal postpone-0\";}i:5;O:8:\"stdClass\":4:{s:2:\"id\";s:8:\"I1065844\";s:3:\"val\";s:12:\"Colorbox bug\";s:5:\"order\";s:1:\"6\";s:7:\"classes\";s:39:\"statusdone importance-normal postpone-0\";}}}}}'),('598e86d558cb873ef916072177abc017','180.94.217.131','Mozilla/5.0 (Macintosh; Intel Mac OS X 10_10_1) AppleWebKit/600.2.5 (KHTML, like Gecko) Version/8.0.2 Safari/600.2.5',1429582856,'a:2:{s:9:\"user_data\";s:0:\"\";s:10:\"weeglydata\";a:3:{s:7:\"account\";a:3:{s:7:\"user_id\";s:1:\"1\";s:9:\"user_code\";s:39:\"0bee-89b0-7a24-8e27-c83f-c3d5-9512-13c1\";s:10:\"user_email\";s:21:\"tonyprawiro@gmail.com\";}s:7:\"navdate\";s:10:\"2015-03-30\";s:9:\"weekitems\";a:4:{i:0;a:16:{i:0;O:8:\"stdClass\":4:{s:2:\"id\";s:8:\"I1360848\";s:3:\"val\";s:4:\"IRAS\";s:5:\"order\";s:1:\"1\";s:7:\"classes\";s:28:\"importance-normal postpone-0\";}i:1;O:8:\"stdClass\":4:{s:2:\"id\";s:8:\"I1236097\";s:3:\"val\";s:34:\"Reserve seat and enter PD SwissAir\";s:5:\"order\";s:1:\"2\";s:7:\"classes\";s:28:\"importance-normal postpone-0\";}i:2;O:8:\"stdClass\":4:{s:2:\"id\";s:8:\"I1687307\";s:3:\"val\";s:10:\"Login page\";s:5:\"order\";s:1:\"3\";s:7:\"classes\";s:28:\"importance-normal postpone-0\";}i:3;O:8:\"stdClass\":4:{s:2:\"id\";s:8:\"I1512671\";s:3:\"val\";s:21:\"D/R: performance test\";s:5:\"order\";s:1:\"4\";s:7:\"classes\";s:28:\"importance-normal postpone-0\";}i:4;O:8:\"stdClass\":4:{s:2:\"id\";s:8:\"I1504404\";s:3:\"val\";s:28:\"D/R: mount volumes on bootup\";s:5:\"order\";s:1:\"5\";s:7:\"classes\";s:28:\"importance-normal postpone-0\";}i:5;O:8:\"stdClass\":4:{s:2:\"id\";s:8:\"I1232384\";s:3:\"val\";s:28:\"Convert binary_float columns\";s:5:\"order\";s:1:\"6\";s:7:\"classes\";s:28:\"importance-normal postpone-0\";}i:6;O:8:\"stdClass\":4:{s:2:\"id\";s:8:\"I1689571\";s:3:\"val\";s:37:\"Trim extra db: form_submittedformdata\";s:5:\"order\";s:1:\"7\";s:7:\"classes\";s:28:\"importance-normal postpone-0\";}i:7;O:8:\"stdClass\":4:{s:2:\"id\";s:8:\"I1404678\";s:3:\"val\";s:33:\"citibank limit review application\";s:5:\"order\";s:1:\"8\";s:7:\"classes\";s:28:\"importance-normal postpone-0\";}i:8;O:8:\"stdClass\":4:{s:2:\"id\";s:8:\"I1217390\";s:3:\"val\";s:36:\"google hosting for watermarking tool\";s:5:\"order\";s:1:\"9\";s:7:\"classes\";s:28:\"importance-normal postpone-0\";}i:9;O:8:\"stdClass\":4:{s:2:\"id\";s:8:\"I1134347\";s:3:\"val\";s:23:\"workflow queue reminder\";s:5:\"order\";s:2:\"10\";s:7:\"classes\";s:28:\"importance-normal postpone-0\";}i:10;O:8:\"stdClass\":4:{s:2:\"id\";s:8:\"I1854528\";s:3:\"val\";s:8:\"JobsBank\";s:5:\"order\";s:2:\"11\";s:7:\"classes\";s:28:\"importance-normal postpone-0\";}i:11;O:8:\"stdClass\":4:{s:2:\"id\";s:8:\"I1137834\";s:3:\"val\";s:46:\"JobScheduler (BMC Control-M alt) by SOS-Berlin\";s:5:\"order\";s:2:\"12\";s:7:\"classes\";s:28:\"importance-normal postpone-0\";}i:12;O:8:\"stdClass\":4:{s:2:\"id\";s:8:\"I1777200\";s:3:\"val\";s:28:\"SG Parenthood Tax Rebate PTR\";s:5:\"order\";s:2:\"13\";s:7:\"classes\";s:28:\"importance-normal postpone-0\";}i:13;O:8:\"stdClass\":4:{s:2:\"id\";s:8:\"I1558786\";s:3:\"val\";s:25:\"shibboleth in peggy-clone\";s:5:\"order\";s:2:\"14\";s:7:\"classes\";s:28:\"importance-normal postpone-0\";}i:14;O:8:\"stdClass\":4:{s:2:\"id\";s:8:\"I1293818\";s:3:\"val\";s:24:\"Email provider migration\";s:5:\"order\";s:2:\"15\";s:7:\"classes\";s:28:\"importance-normal postpone-0\";}i:15;O:8:\"stdClass\":4:{s:2:\"id\";s:8:\"I1807413\";s:3:\"val\";s:19:\"change EC2 keypairs\";s:5:\"order\";s:2:\"16\";s:7:\"classes\";s:28:\"importance-normal postpone-0\";}}i:1;a:5:{i:0;O:8:\"stdClass\":4:{s:2:\"id\";s:8:\"I1119767\";s:3:\"val\";s:8:\"EH recap\";s:5:\"order\";s:1:\"1\";s:7:\"classes\";s:39:\"statusdone importance-normal postpone-0\";}i:1;O:8:\"stdClass\":4:{s:2:\"id\";s:8:\"I1489417\";s:3:\"val\";s:34:\"Release landing page extra options\";s:5:\"order\";s:1:\"2\";s:7:\"classes\";s:39:\"statusdone importance-normal postpone-0\";}i:2;O:8:\"stdClass\":4:{s:2:\"id\";s:8:\"I1872012\";s:3:\"val\";s:7:\"Tickets\";s:5:\"order\";s:1:\"3\";s:7:\"classes\";s:39:\"statusdone importance-normal postpone-0\";}i:3;O:8:\"stdClass\":4:{s:2:\"id\";s:8:\"I1803242\";s:3:\"val\";s:34:\"check landing page issue (wwftest)\";s:5:\"order\";s:1:\"4\";s:7:\"classes\";s:39:\"statusdone importance-normal postpone-0\";}i:4;O:8:\"stdClass\":4:{s:2:\"id\";s:8:\"I1012381\";s:3:\"val\";s:4:\"shaw\";s:5:\"order\";s:1:\"5\";s:7:\"classes\";s:39:\"statusdone importance-normal postpone-0\";}}i:2;a:3:{i:0;O:8:\"stdClass\":4:{s:2:\"id\";s:8:\"I1907244\";s:3:\"val\";s:34:\"Release landing page extra options\";s:5:\"order\";s:1:\"1\";s:7:\"classes\";s:39:\"statusdone importance-normal postpone-0\";}i:1;O:8:\"stdClass\":4:{s:2:\"id\";s:8:\"I1236909\";s:3:\"val\";s:19:\"3:30pm tech catchup\";s:5:\"order\";s:1:\"2\";s:7:\"classes\";s:39:\"statusdone importance-normal postpone-0\";}i:2;O:8:\"stdClass\":4:{s:2:\"id\";s:8:\"I1785757\";s:3:\"val\";s:19:\"Test dev speed test\";s:5:\"order\";s:1:\"3\";s:7:\"classes\";s:39:\"statusdone importance-normal postpone-0\";}}i:3;a:4:{i:0;O:8:\"stdClass\":4:{s:2:\"id\";s:8:\"I1797038\";s:3:\"val\";s:30:\"Switchover script - IP address\";s:5:\"order\";s:1:\"2\";s:7:\"classes\";s:28:\"importance-normal postpone-0\";}i:1;O:8:\"stdClass\":4:{s:2:\"id\";s:8:\"I1036558\";s:3:\"val\";s:12:\"colorbox bug\";s:5:\"order\";s:1:\"3\";s:7:\"classes\";s:28:\"importance-normal postpone-0\";}i:2;O:8:\"stdClass\":4:{s:2:\"id\";s:8:\"I1888403\";s:3:\"val\";s:19:\"Test dev speed test\";s:5:\"order\";s:1:\"1\";s:7:\"classes\";s:39:\"statusdone importance-normal postpone-0\";}i:3;O:8:\"stdClass\":4:{s:2:\"id\";s:8:\"I1498229\";s:3:\"val\";s:34:\"Release landing page extra options\";s:5:\"order\";s:1:\"4\";s:7:\"classes\";s:39:\"statusdone importance-normal postpone-0\";}}}}}'),('443e0a0c1c4ac3fd6e3d21cf7693f41f','180.94.217.131','Mozilla/5.0 (Macintosh; Intel Mac OS X 10_10_1) AppleWebKit/537.36 (KHTML, like Gecko) Chrome/40.0.2214.111 Safari/537.3',1424657566,'a:2:{s:9:\"user_data\";s:0:\"\";s:10:\"weeglydata\";a:3:{s:7:\"account\";a:3:{s:7:\"user_id\";s:1:\"1\";s:9:\"user_code\";s:39:\"0bee-89b0-7a24-8e27-c83f-c3d5-9512-13c1\";s:10:\"user_email\";s:21:\"tonyprawiro@gmail.com\";}s:7:\"navdate\";s:10:\"2015-02-23\";s:9:\"weekitems\";a:2:{i:0;a:17:{i:0;O:8:\"stdClass\":4:{s:2:\"id\";s:8:\"I1232384\";s:3:\"val\";s:28:\"Convert binary_float columns\";s:5:\"order\";s:1:\"1\";s:7:\"classes\";s:28:\"importance-normal postpone-0\";}i:1;O:8:\"stdClass\":4:{s:2:\"id\";s:8:\"I1689571\";s:3:\"val\";s:37:\"Trim extra db: form_submittedformdata\";s:5:\"order\";s:1:\"2\";s:7:\"classes\";s:28:\"importance-normal postpone-0\";}i:2;O:8:\"stdClass\":4:{s:2:\"id\";s:8:\"I1894550\";s:3:\"val\";s:14:\"publish script\";s:5:\"order\";s:1:\"3\";s:7:\"classes\";s:28:\"importance-normal postpone-0\";}i:3;O:8:\"stdClass\":4:{s:2:\"id\";s:8:\"I1046099\";s:3:\"val\";s:49:\"talk to caleb / naze / matt / wp about login page\";s:5:\"order\";s:1:\"4\";s:7:\"classes\";s:28:\"importance-normal postpone-0\";}i:4;O:8:\"stdClass\":4:{s:2:\"id\";s:8:\"I1404678\";s:3:\"val\";s:33:\"citibank limit review application\";s:5:\"order\";s:1:\"5\";s:7:\"classes\";s:28:\"importance-normal postpone-0\";}i:5;O:8:\"stdClass\":4:{s:2:\"id\";s:8:\"I1217390\";s:3:\"val\";s:36:\"google hosting for watermarking tool\";s:5:\"order\";s:1:\"6\";s:7:\"classes\";s:28:\"importance-normal postpone-0\";}i:6;O:8:\"stdClass\":4:{s:2:\"id\";s:8:\"I1911599\";s:3:\"val\";s:34:\"adding ckeditor to tools.panda.org\";s:5:\"order\";s:1:\"7\";s:7:\"classes\";s:28:\"importance-normal postpone-0\";}i:7;O:8:\"stdClass\":4:{s:2:\"id\";s:8:\"I1413726\";s:3:\"val\";s:22:\"D/R: Continue web1 AMI\";s:5:\"order\";s:1:\"8\";s:7:\"classes\";s:28:\"importance-normal postpone-0\";}i:8;O:8:\"stdClass\":4:{s:2:\"id\";s:8:\"I1134347\";s:3:\"val\";s:23:\"workflow queue reminder\";s:5:\"order\";s:1:\"9\";s:7:\"classes\";s:28:\"importance-normal postpone-0\";}i:9;O:8:\"stdClass\":4:{s:2:\"id\";s:8:\"I1854528\";s:3:\"val\";s:8:\"JobsBank\";s:5:\"order\";s:2:\"10\";s:7:\"classes\";s:28:\"importance-normal postpone-0\";}i:10;O:8:\"stdClass\":4:{s:2:\"id\";s:8:\"I1137834\";s:3:\"val\";s:46:\"JobScheduler (BMC Control-M alt) by SOS-Berlin\";s:5:\"order\";s:2:\"11\";s:7:\"classes\";s:28:\"importance-normal postpone-0\";}i:11;O:8:\"stdClass\":4:{s:2:\"id\";s:8:\"I1777200\";s:3:\"val\";s:28:\"SG Parenthood Tax Rebate PTR\";s:5:\"order\";s:2:\"12\";s:7:\"classes\";s:28:\"importance-normal postpone-0\";}i:12;O:8:\"stdClass\":4:{s:2:\"id\";s:8:\"I1558786\";s:3:\"val\";s:25:\"shibboleth in peggy-clone\";s:5:\"order\";s:2:\"13\";s:7:\"classes\";s:28:\"importance-normal postpone-0\";}i:13;O:8:\"stdClass\":4:{s:2:\"id\";s:8:\"I1250031\";s:3:\"val\";s:44:\"D/R: look into adding the volumes into fstab\";s:5:\"order\";s:2:\"14\";s:7:\"classes\";s:28:\"importance-normal postpone-0\";}i:14;O:8:\"stdClass\":4:{s:2:\"id\";s:8:\"I1512671\";s:3:\"val\";s:21:\"D/R: performance test\";s:5:\"order\";s:2:\"15\";s:7:\"classes\";s:28:\"importance-normal postpone-0\";}i:15;O:8:\"stdClass\":4:{s:2:\"id\";s:8:\"I1293818\";s:3:\"val\";s:24:\"Email provider migration\";s:5:\"order\";s:2:\"16\";s:7:\"classes\";s:28:\"importance-normal postpone-0\";}i:16;O:8:\"stdClass\":4:{s:2:\"id\";s:8:\"I1807413\";s:3:\"val\";s:19:\"change EC2 keypairs\";s:5:\"order\";s:2:\"17\";s:7:\"classes\";s:28:\"importance-normal postpone-0\";}}i:1;a:6:{i:0;O:8:\"stdClass\":4:{s:2:\"id\";s:8:\"I1397516\";s:3:\"val\";s:3:\"D/R\";s:5:\"order\";s:1:\"2\";s:7:\"classes\";s:28:\"importance-normal postpone-0\";}i:1;O:8:\"stdClass\":4:{s:2:\"id\";s:8:\"I1862854\";s:3:\"val\";s:10:\"Login page\";s:5:\"order\";s:1:\"3\";s:7:\"classes\";s:28:\"importance-normal postpone-0\";}i:2;O:8:\"stdClass\":4:{s:2:\"id\";s:8:\"I1508260\";s:3:\"val\";s:11:\"Tech meetup\";s:5:\"order\";s:1:\"4\";s:7:\"classes\";s:28:\"importance-normal postpone-0\";}i:3;O:8:\"stdClass\":4:{s:2:\"id\";s:8:\"I1091313\";s:3:\"val\";s:12:\"Landing page\";s:5:\"order\";s:1:\"5\";s:7:\"classes\";s:28:\"importance-normal postpone-0\";}i:4;O:8:\"stdClass\":4:{s:2:\"id\";s:8:\"I1283445\";s:3:\"val\";s:7:\"Tickets\";s:5:\"order\";s:1:\"1\";s:7:\"classes\";s:39:\"statusdone importance-normal postpone-0\";}i:5;O:8:\"stdClass\":4:{s:2:\"id\";s:8:\"I1778978\";s:3:\"val\";s:4:\"Shaw\";s:5:\"order\";s:1:\"6\";s:7:\"classes\";s:39:\"statusdone importance-normal postpone-0\";}}}}}'),('6822c1be66f3b9e8a19efd6535d04b86','180.94.217.131','Mozilla/5.0 (Macintosh; Intel Mac OS X 10_10_1) AppleWebKit/537.36 (KHTML, like Gecko) Chrome/40.0.2214.111 Safari/537.3',1424756782,'a:2:{s:9:\"user_data\";s:0:\"\";s:10:\"weeglydata\";a:3:{s:7:\"account\";a:3:{s:7:\"user_id\";s:1:\"1\";s:9:\"user_code\";s:39:\"0bee-89b0-7a24-8e27-c83f-c3d5-9512-13c1\";s:10:\"user_email\";s:21:\"tonyprawiro@gmail.com\";}s:7:\"navdate\";s:10:\"2015-02-23\";s:9:\"weekitems\";a:3:{i:0;a:17:{i:0;O:8:\"stdClass\":4:{s:2:\"id\";s:8:\"I1232384\";s:3:\"val\";s:28:\"Convert binary_float columns\";s:5:\"order\";s:1:\"1\";s:7:\"classes\";s:28:\"importance-normal postpone-0\";}i:1;O:8:\"stdClass\":4:{s:2:\"id\";s:8:\"I1689571\";s:3:\"val\";s:37:\"Trim extra db: form_submittedformdata\";s:5:\"order\";s:1:\"2\";s:7:\"classes\";s:28:\"importance-normal postpone-0\";}i:2;O:8:\"stdClass\":4:{s:2:\"id\";s:8:\"I1894550\";s:3:\"val\";s:14:\"publish script\";s:5:\"order\";s:1:\"3\";s:7:\"classes\";s:28:\"importance-normal postpone-0\";}i:3;O:8:\"stdClass\":4:{s:2:\"id\";s:8:\"I1046099\";s:3:\"val\";s:49:\"talk to caleb / naze / matt / wp about login page\";s:5:\"order\";s:1:\"4\";s:7:\"classes\";s:28:\"importance-normal postpone-0\";}i:4;O:8:\"stdClass\":4:{s:2:\"id\";s:8:\"I1404678\";s:3:\"val\";s:33:\"citibank limit review application\";s:5:\"order\";s:1:\"5\";s:7:\"classes\";s:28:\"importance-normal postpone-0\";}i:5;O:8:\"stdClass\":4:{s:2:\"id\";s:8:\"I1217390\";s:3:\"val\";s:36:\"google hosting for watermarking tool\";s:5:\"order\";s:1:\"6\";s:7:\"classes\";s:28:\"importance-normal postpone-0\";}i:6;O:8:\"stdClass\":4:{s:2:\"id\";s:8:\"I1911599\";s:3:\"val\";s:34:\"adding ckeditor to tools.panda.org\";s:5:\"order\";s:1:\"7\";s:7:\"classes\";s:28:\"importance-normal postpone-0\";}i:7;O:8:\"stdClass\":4:{s:2:\"id\";s:8:\"I1413726\";s:3:\"val\";s:22:\"D/R: Continue web1 AMI\";s:5:\"order\";s:1:\"8\";s:7:\"classes\";s:28:\"importance-normal postpone-0\";}i:8;O:8:\"stdClass\":4:{s:2:\"id\";s:8:\"I1134347\";s:3:\"val\";s:23:\"workflow queue reminder\";s:5:\"order\";s:1:\"9\";s:7:\"classes\";s:28:\"importance-normal postpone-0\";}i:9;O:8:\"stdClass\":4:{s:2:\"id\";s:8:\"I1854528\";s:3:\"val\";s:8:\"JobsBank\";s:5:\"order\";s:2:\"10\";s:7:\"classes\";s:28:\"importance-normal postpone-0\";}i:10;O:8:\"stdClass\":4:{s:2:\"id\";s:8:\"I1137834\";s:3:\"val\";s:46:\"JobScheduler (BMC Control-M alt) by SOS-Berlin\";s:5:\"order\";s:2:\"11\";s:7:\"classes\";s:28:\"importance-normal postpone-0\";}i:11;O:8:\"stdClass\":4:{s:2:\"id\";s:8:\"I1777200\";s:3:\"val\";s:28:\"SG Parenthood Tax Rebate PTR\";s:5:\"order\";s:2:\"12\";s:7:\"classes\";s:28:\"importance-normal postpone-0\";}i:12;O:8:\"stdClass\":4:{s:2:\"id\";s:8:\"I1558786\";s:3:\"val\";s:25:\"shibboleth in peggy-clone\";s:5:\"order\";s:2:\"13\";s:7:\"classes\";s:28:\"importance-normal postpone-0\";}i:13;O:8:\"stdClass\":4:{s:2:\"id\";s:8:\"I1250031\";s:3:\"val\";s:44:\"D/R: look into adding the volumes into fstab\";s:5:\"order\";s:2:\"14\";s:7:\"classes\";s:28:\"importance-normal postpone-0\";}i:14;O:8:\"stdClass\":4:{s:2:\"id\";s:8:\"I1512671\";s:3:\"val\";s:21:\"D/R: performance test\";s:5:\"order\";s:2:\"15\";s:7:\"classes\";s:28:\"importance-normal postpone-0\";}i:15;O:8:\"stdClass\":4:{s:2:\"id\";s:8:\"I1293818\";s:3:\"val\";s:24:\"Email provider migration\";s:5:\"order\";s:2:\"16\";s:7:\"classes\";s:28:\"importance-normal postpone-0\";}i:16;O:8:\"stdClass\":4:{s:2:\"id\";s:8:\"I1807413\";s:3:\"val\";s:19:\"change EC2 keypairs\";s:5:\"order\";s:2:\"17\";s:7:\"classes\";s:28:\"importance-normal postpone-0\";}}i:1;a:5:{i:0;O:8:\"stdClass\":4:{s:2:\"id\";s:8:\"I1508260\";s:3:\"val\";s:11:\"Tech meetup\";s:5:\"order\";s:1:\"1\";s:7:\"classes\";s:39:\"statusdone importance-normal postpone-0\";}i:1;O:8:\"stdClass\":4:{s:2:\"id\";s:8:\"I1283445\";s:3:\"val\";s:7:\"Tickets\";s:5:\"order\";s:1:\"2\";s:7:\"classes\";s:39:\"statusdone importance-normal postpone-0\";}i:2;O:8:\"stdClass\":4:{s:2:\"id\";s:8:\"I1862854\";s:3:\"val\";s:10:\"Login page\";s:5:\"order\";s:1:\"3\";s:7:\"classes\";s:39:\"statusdone importance-normal postpone-0\";}i:3;O:8:\"stdClass\":4:{s:2:\"id\";s:8:\"I1091313\";s:3:\"val\";s:12:\"Landing page\";s:5:\"order\";s:1:\"4\";s:7:\"classes\";s:39:\"statusdone importance-normal postpone-0\";}i:4;O:8:\"stdClass\":4:{s:2:\"id\";s:8:\"I1778978\";s:3:\"val\";s:4:\"Shaw\";s:5:\"order\";s:1:\"5\";s:7:\"classes\";s:39:\"statusdone importance-normal postpone-0\";}}i:2;a:5:{i:0;O:8:\"stdClass\":4:{s:2:\"id\";s:8:\"I1687307\";s:3:\"val\";s:10:\"Login page\";s:5:\"order\";s:1:\"2\";s:7:\"classes\";s:28:\"importance-normal postpone-0\";}i:1;O:8:\"stdClass\":4:{s:2:\"id\";s:8:\"I1397516\";s:3:\"val\";s:3:\"D/R\";s:5:\"order\";s:1:\"3\";s:7:\"classes\";s:28:\"importance-normal postpone-0\";}i:2;O:8:\"stdClass\":4:{s:2:\"id\";s:8:\"I1320986\";s:3:\"val\";s:38:\"BSD add counter from worldwildlife.org\";s:5:\"order\";s:1:\"1\";s:7:\"classes\";s:39:\"statusdone importance-normal postpone-0\";}i:3;O:8:\"stdClass\":4:{s:2:\"id\";s:8:\"I1168672\";s:3:\"val\";s:7:\"Tickets\";s:5:\"order\";s:1:\"4\";s:7:\"classes\";s:39:\"statusdone importance-normal postpone-0\";}i:4;O:8:\"stdClass\":4:{s:2:\"id\";s:8:\"I1436861\";s:3:\"val\";s:12:\"Landing page\";s:5:\"order\";s:1:\"5\";s:7:\"classes\";s:39:\"statusdone importance-normal postpone-0\";}}}}}'),('8220045da49ed2dd23215c033765b7e5','180.94.217.131','Mozilla/5.0 (Macintosh; Intel Mac OS X 10_10_1) AppleWebKit/537.36 (KHTML, like Gecko) Chrome/40.0.2214.115 Safari/537.3',1425525403,'a:2:{s:9:\"user_data\";s:0:\"\";s:10:\"weeglydata\";a:3:{s:7:\"account\";a:3:{s:7:\"user_id\";s:1:\"1\";s:9:\"user_code\";s:39:\"0bee-89b0-7a24-8e27-c83f-c3d5-9512-13c1\";s:10:\"user_email\";s:21:\"tonyprawiro@gmail.com\";}s:7:\"navdate\";s:10:\"2015-03-02\";s:9:\"weekitems\";a:5:{i:0;a:14:{i:0;O:8:\"stdClass\":4:{s:2:\"id\";s:8:\"I1504404\";s:3:\"val\";s:28:\"D/R: mount volumes on bootup\";s:5:\"order\";s:1:\"1\";s:7:\"classes\";s:28:\"importance-normal postpone-0\";}i:1;O:8:\"stdClass\":4:{s:2:\"id\";s:8:\"I1232384\";s:3:\"val\";s:28:\"Convert binary_float columns\";s:5:\"order\";s:1:\"2\";s:7:\"classes\";s:28:\"importance-normal postpone-0\";}i:2;O:8:\"stdClass\":4:{s:2:\"id\";s:8:\"I1689571\";s:3:\"val\";s:37:\"Trim extra db: form_submittedformdata\";s:5:\"order\";s:1:\"3\";s:7:\"classes\";s:28:\"importance-normal postpone-0\";}i:3;O:8:\"stdClass\":4:{s:2:\"id\";s:8:\"I1404678\";s:3:\"val\";s:33:\"citibank limit review application\";s:5:\"order\";s:1:\"4\";s:7:\"classes\";s:28:\"importance-normal postpone-0\";}i:4;O:8:\"stdClass\":4:{s:2:\"id\";s:8:\"I1217390\";s:3:\"val\";s:36:\"google hosting for watermarking tool\";s:5:\"order\";s:1:\"5\";s:7:\"classes\";s:28:\"importance-normal postpone-0\";}i:5;O:8:\"stdClass\":4:{s:2:\"id\";s:8:\"I1413726\";s:3:\"val\";s:22:\"D/R: Continue web1 AMI\";s:5:\"order\";s:1:\"6\";s:7:\"classes\";s:28:\"importance-normal postpone-0\";}i:6;O:8:\"stdClass\":4:{s:2:\"id\";s:8:\"I1134347\";s:3:\"val\";s:23:\"workflow queue reminder\";s:5:\"order\";s:1:\"7\";s:7:\"classes\";s:28:\"importance-normal postpone-0\";}i:7;O:8:\"stdClass\":4:{s:2:\"id\";s:8:\"I1854528\";s:3:\"val\";s:8:\"JobsBank\";s:5:\"order\";s:1:\"8\";s:7:\"classes\";s:28:\"importance-normal postpone-0\";}i:8;O:8:\"stdClass\":4:{s:2:\"id\";s:8:\"I1137834\";s:3:\"val\";s:46:\"JobScheduler (BMC Control-M alt) by SOS-Berlin\";s:5:\"order\";s:1:\"9\";s:7:\"classes\";s:28:\"importance-normal postpone-0\";}i:9;O:8:\"stdClass\":4:{s:2:\"id\";s:8:\"I1777200\";s:3:\"val\";s:28:\"SG Parenthood Tax Rebate PTR\";s:5:\"order\";s:2:\"10\";s:7:\"classes\";s:28:\"importance-normal postpone-0\";}i:10;O:8:\"stdClass\":4:{s:2:\"id\";s:8:\"I1558786\";s:3:\"val\";s:25:\"shibboleth in peggy-clone\";s:5:\"order\";s:2:\"11\";s:7:\"classes\";s:28:\"importance-normal postpone-0\";}i:11;O:8:\"stdClass\":4:{s:2:\"id\";s:8:\"I1512671\";s:3:\"val\";s:21:\"D/R: performance test\";s:5:\"order\";s:2:\"12\";s:7:\"classes\";s:28:\"importance-normal postpone-0\";}i:12;O:8:\"stdClass\":4:{s:2:\"id\";s:8:\"I1293818\";s:3:\"val\";s:24:\"Email provider migration\";s:5:\"order\";s:2:\"13\";s:7:\"classes\";s:28:\"importance-normal postpone-0\";}i:13;O:8:\"stdClass\":4:{s:2:\"id\";s:8:\"I1807413\";s:3:\"val\";s:19:\"change EC2 keypairs\";s:5:\"order\";s:2:\"14\";s:7:\"classes\";s:28:\"importance-normal postpone-0\";}}i:1;a:6:{i:0;O:8:\"stdClass\":4:{s:2:\"id\";s:8:\"I1343941\";s:3:\"val\";s:35:\"central-america video preview image\";s:5:\"order\";s:1:\"1\";s:7:\"classes\";s:39:\"statusdone importance-normal postpone-0\";}i:1;O:8:\"stdClass\":4:{s:2:\"id\";s:8:\"I1538631\";s:3:\"val\";s:13:\"Emoji hosting\";s:5:\"order\";s:1:\"2\";s:7:\"classes\";s:39:\"statusdone importance-normal postpone-0\";}i:2;O:8:\"stdClass\":4:{s:2:\"id\";s:8:\"I1686988\";s:3:\"val\";s:12:\"Landing page\";s:5:\"order\";s:1:\"3\";s:7:\"classes\";s:39:\"statusdone importance-normal postpone-0\";}i:3;O:8:\"stdClass\":4:{s:2:\"id\";s:8:\"I1372404\";s:3:\"val\";s:7:\"Tickets\";s:5:\"order\";s:1:\"4\";s:7:\"classes\";s:39:\"statusdone importance-normal postpone-0\";}i:4;O:8:\"stdClass\":4:{s:2:\"id\";s:8:\"I1169028\";s:3:\"val\";s:24:\"GPN Terms of Use changes\";s:5:\"order\";s:1:\"5\";s:7:\"classes\";s:39:\"statusdone importance-normal postpone-0\";}i:5;O:8:\"stdClass\":4:{s:2:\"id\";s:8:\"I1337081\";s:3:\"val\";s:12:\"BSD ZH forms\";s:5:\"order\";s:1:\"6\";s:7:\"classes\";s:39:\"statusdone importance-normal postpone-0\";}}i:2;a:6:{i:0;O:8:\"stdClass\":4:{s:2:\"id\";s:8:\"I1853068\";s:3:\"val\";s:37:\"Emoji hosting - check unified billing\";s:5:\"order\";s:1:\"1\";s:7:\"classes\";s:39:\"statusdone importance-normal postpone-0\";}i:1;O:8:\"stdClass\":4:{s:2:\"id\";s:8:\"I1688803\";s:3:\"val\";s:7:\"Tickets\";s:5:\"order\";s:1:\"2\";s:7:\"classes\";s:39:\"statusdone importance-normal postpone-0\";}i:2;O:8:\"stdClass\":4:{s:2:\"id\";s:8:\"I1216345\";s:3:\"val\";s:13:\"Landing page \";s:5:\"order\";s:1:\"3\";s:7:\"classes\";s:39:\"statusdone importance-normal postpone-0\";}i:3;O:8:\"stdClass\":4:{s:2:\"id\";s:8:\"I1507514\";s:3:\"val\";s:16:\"4 pm Tech meetup\";s:5:\"order\";s:1:\"4\";s:7:\"classes\";s:39:\"statusdone importance-normal postpone-0\";}i:4;O:8:\"stdClass\":4:{s:2:\"id\";s:8:\"I1866685\";s:3:\"val\";s:17:\"Reserved instance\";s:5:\"order\";s:1:\"5\";s:7:\"classes\";s:39:\"statusdone importance-normal postpone-0\";}i:5;O:8:\"stdClass\":4:{s:2:\"id\";s:8:\"I1069378\";s:3:\"val\";s:35:\"central-america video preview image\";s:5:\"order\";s:1:\"6\";s:7:\"classes\";s:39:\"statusdone importance-normal postpone-0\";}}i:3;a:7:{i:0;O:8:\"stdClass\":4:{s:2:\"id\";s:8:\"I1415986\";s:3:\"val\";s:9:\"Lunch out\";s:5:\"order\";s:1:\"1\";s:7:\"classes\";s:39:\"statusdone importance-normal postpone-0\";}i:1;O:8:\"stdClass\":4:{s:2:\"id\";s:8:\"I1505247\";s:3:\"val\";s:23:\"3 pm catch up with Dave\";s:5:\"order\";s:1:\"2\";s:7:\"classes\";s:39:\"statusdone importance-normal postpone-0\";}i:2;O:8:\"stdClass\":4:{s:2:\"id\";s:8:\"I1330873\";s:3:\"val\";s:16:\"AWStats in peggy\";s:5:\"order\";s:1:\"3\";s:7:\"classes\";s:39:\"statusdone importance-normal postpone-0\";}i:3;O:8:\"stdClass\":4:{s:2:\"id\";s:8:\"I1030618\";s:3:\"val\";s:7:\"Tickets\";s:5:\"order\";s:1:\"4\";s:7:\"classes\";s:39:\"statusdone importance-normal postpone-0\";}i:4;O:8:\"stdClass\":4:{s:2:\"id\";s:8:\"I1894550\";s:3:\"val\";s:14:\"publish script\";s:5:\"order\";s:1:\"5\";s:7:\"classes\";s:39:\"statusdone importance-normal postpone-0\";}i:5;O:8:\"stdClass\":4:{s:2:\"id\";s:8:\"I1614053\";s:3:\"val\";s:26:\"JD Comms Intern for WWF SG\";s:5:\"order\";s:1:\"6\";s:7:\"classes\";s:39:\"statusdone importance-normal postpone-0\";}i:6;O:8:\"stdClass\":4:{s:2:\"id\";s:8:\"I1724268\";s:3:\"val\";s:33:\"GVN directory not exists for 1664\";s:5:\"order\";s:1:\"7\";s:7:\"classes\";s:39:\"statusdone importance-normal postpone-0\";}}i:4;a:6:{i:0;O:8:\"stdClass\":4:{s:2:\"id\";s:8:\"I1568414\";s:3:\"val\";s:41:\"Test publish wwftest new vs original code\";s:5:\"order\";s:1:\"2\";s:7:\"classes\";s:28:\"importance-normal postpone-0\";}i:1;O:8:\"stdClass\":4:{s:2:\"id\";s:8:\"I1687307\";s:3:\"val\";s:10:\"Login page\";s:5:\"order\";s:1:\"4\";s:7:\"classes\";s:28:\"importance-normal postpone-0\";}i:2;O:8:\"stdClass\":4:{s:2:\"id\";s:8:\"I1397516\";s:3:\"val\";s:3:\"D/R\";s:5:\"order\";s:1:\"5\";s:7:\"classes\";s:28:\"importance-normal postpone-0\";}i:3;O:8:\"stdClass\":4:{s:2:\"id\";s:8:\"I1594223\";s:3:\"val\";s:21:\"Assets Library WWF AU\";s:5:\"order\";s:1:\"1\";s:7:\"classes\";s:39:\"statusdone importance-normal postpone-0\";}i:4;O:8:\"stdClass\":4:{s:2:\"id\";s:8:\"I1906346\";s:3:\"val\";s:31:\"Social media content box in pad\";s:5:\"order\";s:1:\"3\";s:7:\"classes\";s:39:\"statusdone importance-normal postpone-0\";}i:5;O:8:\"stdClass\":4:{s:2:\"id\";s:8:\"I1836812\";s:3:\"val\";s:7:\"Tickets\";s:5:\"order\";s:1:\"6\";s:7:\"classes\";s:39:\"statusdone importance-normal postpone-0\";}}}}}'),('e117c5556672a6e51ca88664f6060be4','42.60.198.251','Mozilla/5.0 (Macintosh; Intel Mac OS X 10_10_1) AppleWebKit/537.36 (KHTML, like Gecko) Chrome/41.0.2272.76 Safari/537.36',1426054058,'a:2:{s:9:\"user_data\";s:0:\"\";s:10:\"weeglydata\";a:3:{s:7:\"account\";a:3:{s:7:\"user_id\";s:1:\"1\";s:9:\"user_code\";s:39:\"0bee-89b0-7a24-8e27-c83f-c3d5-9512-13c1\";s:10:\"user_email\";s:21:\"tonyprawiro@gmail.com\";}s:7:\"navdate\";s:10:\"2015-03-09\";s:9:\"weekitems\";a:4:{i:0;a:16:{i:0;O:8:\"stdClass\":4:{s:2:\"id\";s:8:\"I1687307\";s:3:\"val\";s:10:\"Login page\";s:5:\"order\";s:1:\"1\";s:7:\"classes\";s:28:\"importance-normal postpone-0\";}i:1;O:8:\"stdClass\":4:{s:2:\"id\";s:8:\"I1608358\";s:3:\"val\";s:15:\"Instant Publish\";s:5:\"order\";s:1:\"2\";s:7:\"classes\";s:28:\"importance-normal postpone-0\";}i:2;O:8:\"stdClass\":4:{s:2:\"id\";s:8:\"I1413726\";s:3:\"val\";s:22:\"D/R: Continue web1 AMI\";s:5:\"order\";s:1:\"3\";s:7:\"classes\";s:28:\"importance-normal postpone-0\";}i:3;O:8:\"stdClass\":4:{s:2:\"id\";s:8:\"I1512671\";s:3:\"val\";s:21:\"D/R: performance test\";s:5:\"order\";s:1:\"4\";s:7:\"classes\";s:28:\"importance-normal postpone-0\";}i:4;O:8:\"stdClass\":4:{s:2:\"id\";s:8:\"I1504404\";s:3:\"val\";s:28:\"D/R: mount volumes on bootup\";s:5:\"order\";s:1:\"5\";s:7:\"classes\";s:28:\"importance-normal postpone-0\";}i:5;O:8:\"stdClass\":4:{s:2:\"id\";s:8:\"I1232384\";s:3:\"val\";s:28:\"Convert binary_float columns\";s:5:\"order\";s:1:\"6\";s:7:\"classes\";s:28:\"importance-normal postpone-0\";}i:6;O:8:\"stdClass\":4:{s:2:\"id\";s:8:\"I1689571\";s:3:\"val\";s:37:\"Trim extra db: form_submittedformdata\";s:5:\"order\";s:1:\"7\";s:7:\"classes\";s:28:\"importance-normal postpone-0\";}i:7;O:8:\"stdClass\":4:{s:2:\"id\";s:8:\"I1404678\";s:3:\"val\";s:33:\"citibank limit review application\";s:5:\"order\";s:1:\"8\";s:7:\"classes\";s:28:\"importance-normal postpone-0\";}i:8;O:8:\"stdClass\":4:{s:2:\"id\";s:8:\"I1217390\";s:3:\"val\";s:36:\"google hosting for watermarking tool\";s:5:\"order\";s:1:\"9\";s:7:\"classes\";s:28:\"importance-normal postpone-0\";}i:9;O:8:\"stdClass\":4:{s:2:\"id\";s:8:\"I1134347\";s:3:\"val\";s:23:\"workflow queue reminder\";s:5:\"order\";s:2:\"10\";s:7:\"classes\";s:28:\"importance-normal postpone-0\";}i:10;O:8:\"stdClass\":4:{s:2:\"id\";s:8:\"I1854528\";s:3:\"val\";s:8:\"JobsBank\";s:5:\"order\";s:2:\"11\";s:7:\"classes\";s:28:\"importance-normal postpone-0\";}i:11;O:8:\"stdClass\":4:{s:2:\"id\";s:8:\"I1137834\";s:3:\"val\";s:46:\"JobScheduler (BMC Control-M alt) by SOS-Berlin\";s:5:\"order\";s:2:\"12\";s:7:\"classes\";s:28:\"importance-normal postpone-0\";}i:12;O:8:\"stdClass\":4:{s:2:\"id\";s:8:\"I1777200\";s:3:\"val\";s:28:\"SG Parenthood Tax Rebate PTR\";s:5:\"order\";s:2:\"13\";s:7:\"classes\";s:28:\"importance-normal postpone-0\";}i:13;O:8:\"stdClass\":4:{s:2:\"id\";s:8:\"I1558786\";s:3:\"val\";s:25:\"shibboleth in peggy-clone\";s:5:\"order\";s:2:\"14\";s:7:\"classes\";s:28:\"importance-normal postpone-0\";}i:14;O:8:\"stdClass\":4:{s:2:\"id\";s:8:\"I1293818\";s:3:\"val\";s:24:\"Email provider migration\";s:5:\"order\";s:2:\"15\";s:7:\"classes\";s:28:\"importance-normal postpone-0\";}i:15;O:8:\"stdClass\":4:{s:2:\"id\";s:8:\"I1807413\";s:3:\"val\";s:19:\"change EC2 keypairs\";s:5:\"order\";s:2:\"16\";s:7:\"classes\";s:28:\"importance-normal postpone-0\";}}i:1;a:5:{i:0;O:8:\"stdClass\":4:{s:2:\"id\";s:8:\"I1587771\";s:3:\"val\";s:28:\"(Lunch - Hai Di Lao Hot Pot)\";s:5:\"order\";s:1:\"1\";s:7:\"classes\";s:39:\"statusdone importance-normal postpone-0\";}i:1;O:8:\"stdClass\":4:{s:2:\"id\";s:8:\"I1191551\";s:3:\"val\";s:7:\"(Rolex)\";s:5:\"order\";s:1:\"2\";s:7:\"classes\";s:39:\"statusdone importance-normal postpone-0\";}i:2;O:8:\"stdClass\":4:{s:2:\"id\";s:8:\"I1207332\";s:3:\"val\";s:23:\"(Robinsons - Nespresso)\";s:5:\"order\";s:1:\"3\";s:7:\"classes\";s:39:\"statusdone importance-normal postpone-0\";}i:3;O:8:\"stdClass\":4:{s:2:\"id\";s:8:\"I1693916\";s:3:\"val\";s:25:\"(Catch movie - Lang Tong)\";s:5:\"order\";s:1:\"4\";s:7:\"classes\";s:39:\"statusdone importance-normal postpone-0\";}i:4;O:8:\"stdClass\":4:{s:2:\"id\";s:8:\"I1122234\";s:3:\"val\";s:8:\"On leave\";s:5:\"order\";s:1:\"5\";s:7:\"classes\";s:39:\"statusdone importance-normal postpone-0\";}}i:2;a:3:{i:0;O:8:\"stdClass\":4:{s:2:\"id\";s:8:\"I1141399\";s:3:\"val\";s:29:\"Landing page to web1 and web2\";s:5:\"order\";s:1:\"1\";s:7:\"classes\";s:39:\"statusdone importance-normal postpone-0\";}i:1;O:8:\"stdClass\":4:{s:2:\"id\";s:8:\"I1519731\";s:3:\"val\";s:10:\"Get Ensure\";s:5:\"order\";s:1:\"2\";s:7:\"classes\";s:39:\"statusdone importance-normal postpone-0\";}i:2;O:8:\"stdClass\":4:{s:2:\"id\";s:8:\"I1306457\";s:3:\"val\";s:7:\"Tickets\";s:5:\"order\";s:1:\"3\";s:7:\"classes\";s:39:\"statusdone importance-normal postpone-0\";}}i:3;a:4:{i:0;O:8:\"stdClass\":4:{s:2:\"id\";s:8:\"I1054592\";s:3:\"val\";s:18:\"Catch up with Jeff\";s:5:\"order\";s:1:\"3\";s:7:\"classes\";s:28:\"importance-normal postpone-0\";}i:1;O:8:\"stdClass\":4:{s:2:\"id\";s:8:\"I1117811\";s:3:\"val\";s:3:\"D/R\";s:5:\"order\";s:1:\"4\";s:7:\"classes\";s:28:\"importance-normal postpone-0\";}i:2;O:8:\"stdClass\":4:{s:2:\"id\";s:8:\"I1349145\";s:3:\"val\";s:7:\"Tickets\";s:5:\"order\";s:1:\"1\";s:7:\"classes\";s:39:\"statusdone importance-normal postpone-0\";}i:3;O:8:\"stdClass\":4:{s:2:\"id\";s:8:\"I1673014\";s:3:\"val\";s:33:\"Landing page - evaluate feedbacks\";s:5:\"order\";s:1:\"2\";s:7:\"classes\";s:39:\"statusdone importance-normal postpone-0\";}}}}}'),('4ea3c73fc2b1c94c98deafb22975bec1','180.94.217.131','Mozilla/5.0 (Macintosh; Intel Mac OS X 10_10_1) AppleWebKit/600.2.5 (KHTML, like Gecko) Version/8.0.2 Safari/600.2.5',1427679937,'a:1:{s:10:\"weeglydata\";a:3:{s:7:\"account\";a:3:{s:7:\"user_id\";s:1:\"1\";s:9:\"user_code\";s:39:\"0bee-89b0-7a24-8e27-c83f-c3d5-9512-13c1\";s:10:\"user_email\";s:21:\"tonyprawiro@gmail.com\";}s:7:\"navdate\";s:10:\"2015-03-23\";s:9:\"weekitems\";a:8:{i:0;a:14:{i:0;O:8:\"stdClass\":4:{s:2:\"id\";s:8:\"I1687307\";s:3:\"val\";s:10:\"Login page\";s:5:\"order\";s:1:\"1\";s:7:\"classes\";s:28:\"importance-normal postpone-0\";}i:1;O:8:\"stdClass\":4:{s:2:\"id\";s:8:\"I1512671\";s:3:\"val\";s:21:\"D/R: performance test\";s:5:\"order\";s:1:\"2\";s:7:\"classes\";s:28:\"importance-normal postpone-0\";}i:2;O:8:\"stdClass\":4:{s:2:\"id\";s:8:\"I1504404\";s:3:\"val\";s:28:\"D/R: mount volumes on bootup\";s:5:\"order\";s:1:\"3\";s:7:\"classes\";s:28:\"importance-normal postpone-0\";}i:3;O:8:\"stdClass\":4:{s:2:\"id\";s:8:\"I1232384\";s:3:\"val\";s:28:\"Convert binary_float columns\";s:5:\"order\";s:1:\"4\";s:7:\"classes\";s:28:\"importance-normal postpone-0\";}i:4;O:8:\"stdClass\":4:{s:2:\"id\";s:8:\"I1689571\";s:3:\"val\";s:37:\"Trim extra db: form_submittedformdata\";s:5:\"order\";s:1:\"5\";s:7:\"classes\";s:28:\"importance-normal postpone-0\";}i:5;O:8:\"stdClass\":4:{s:2:\"id\";s:8:\"I1404678\";s:3:\"val\";s:33:\"citibank limit review application\";s:5:\"order\";s:1:\"6\";s:7:\"classes\";s:28:\"importance-normal postpone-0\";}i:6;O:8:\"stdClass\":4:{s:2:\"id\";s:8:\"I1217390\";s:3:\"val\";s:36:\"google hosting for watermarking tool\";s:5:\"order\";s:1:\"7\";s:7:\"classes\";s:28:\"importance-normal postpone-0\";}i:7;O:8:\"stdClass\":4:{s:2:\"id\";s:8:\"I1134347\";s:3:\"val\";s:23:\"workflow queue reminder\";s:5:\"order\";s:1:\"8\";s:7:\"classes\";s:28:\"importance-normal postpone-0\";}i:8;O:8:\"stdClass\":4:{s:2:\"id\";s:8:\"I1854528\";s:3:\"val\";s:8:\"JobsBank\";s:5:\"order\";s:1:\"9\";s:7:\"classes\";s:28:\"importance-normal postpone-0\";}i:9;O:8:\"stdClass\":4:{s:2:\"id\";s:8:\"I1137834\";s:3:\"val\";s:46:\"JobScheduler (BMC Control-M alt) by SOS-Berlin\";s:5:\"order\";s:2:\"10\";s:7:\"classes\";s:28:\"importance-normal postpone-0\";}i:10;O:8:\"stdClass\":4:{s:2:\"id\";s:8:\"I1777200\";s:3:\"val\";s:28:\"SG Parenthood Tax Rebate PTR\";s:5:\"order\";s:2:\"11\";s:7:\"classes\";s:28:\"importance-normal postpone-0\";}i:11;O:8:\"stdClass\":4:{s:2:\"id\";s:8:\"I1558786\";s:3:\"val\";s:25:\"shibboleth in peggy-clone\";s:5:\"order\";s:2:\"12\";s:7:\"classes\";s:28:\"importance-normal postpone-0\";}i:12;O:8:\"stdClass\":4:{s:2:\"id\";s:8:\"I1293818\";s:3:\"val\";s:24:\"Email provider migration\";s:5:\"order\";s:2:\"13\";s:7:\"classes\";s:28:\"importance-normal postpone-0\";}i:13;O:8:\"stdClass\":4:{s:2:\"id\";s:8:\"I1807413\";s:3:\"val\";s:19:\"change EC2 keypairs\";s:5:\"order\";s:2:\"14\";s:7:\"classes\";s:28:\"importance-normal postpone-0\";}}i:1;a:5:{i:0;O:8:\"stdClass\":4:{s:2:\"id\";s:8:\"I1297768\";s:3:\"val\";s:34:\"wwf.sg hide banner and tiger front\";s:5:\"order\";s:1:\"1\";s:7:\"classes\";s:39:\"statusdone importance-normal postpone-0\";}i:1;O:8:\"stdClass\":4:{s:2:\"id\";s:8:\"I1900900\";s:3:\"val\";s:12:\"landing page\";s:5:\"order\";s:1:\"2\";s:7:\"classes\";s:39:\"statusdone importance-normal postpone-0\";}i:2;O:8:\"stdClass\":4:{s:2:\"id\";s:8:\"I1143844\";s:3:\"val\";s:14:\"work from home\";s:5:\"order\";s:1:\"3\";s:7:\"classes\";s:39:\"statusdone importance-normal postpone-0\";}i:3;O:8:\"stdClass\":4:{s:2:\"id\";s:8:\"I1810422\";s:3:\"val\";s:3:\"D/R\";s:5:\"order\";s:1:\"4\";s:7:\"classes\";s:39:\"statusdone importance-normal postpone-0\";}i:4;O:8:\"stdClass\":4:{s:2:\"id\";s:8:\"I1639656\";s:3:\"val\";s:37:\"tickets - nothing new needs attention\";s:5:\"order\";s:1:\"5\";s:7:\"classes\";s:39:\"statusdone importance-normal postpone-0\";}}i:2;a:5:{i:0;O:8:\"stdClass\":4:{s:2:\"id\";s:8:\"I1177492\";s:3:\"val\";s:3:\"D/R\";s:5:\"order\";s:1:\"1\";s:7:\"classes\";s:39:\"statusdone importance-normal postpone-0\";}i:1;O:8:\"stdClass\":4:{s:2:\"id\";s:8:\"I1134391\";s:3:\"val\";s:16:\"reply Andrew/Joe\";s:5:\"order\";s:1:\"2\";s:7:\"classes\";s:39:\"statusdone importance-normal postpone-0\";}i:2;O:8:\"stdClass\":4:{s:2:\"id\";s:8:\"I1840272\";s:3:\"val\";s:36:\"email Jeff about half day and agenda\";s:5:\"order\";s:1:\"3\";s:7:\"classes\";s:39:\"statusdone importance-normal postpone-0\";}i:3;O:8:\"stdClass\":4:{s:2:\"id\";s:8:\"I1519938\";s:3:\"val\";s:11:\"on half day\";s:5:\"order\";s:1:\"4\";s:7:\"classes\";s:39:\"statusdone importance-normal postpone-0\";}i:4;O:8:\"stdClass\":4:{s:2:\"id\";s:8:\"I1563521\";s:3:\"val\";s:7:\"tickets\";s:5:\"order\";s:1:\"5\";s:7:\"classes\";s:39:\"statusdone importance-normal postpone-0\";}}i:3;a:3:{i:0;O:8:\"stdClass\":4:{s:2:\"id\";s:8:\"I1608445\";s:3:\"val\";s:4:\"shaw\";s:5:\"order\";s:1:\"1\";s:7:\"classes\";s:39:\"statusdone importance-normal postpone-0\";}i:1;O:8:\"stdClass\":4:{s:2:\"id\";s:8:\"I1185898\";s:3:\"val\";s:3:\"D/R\";s:5:\"order\";s:1:\"2\";s:7:\"classes\";s:39:\"statusdone importance-normal postpone-0\";}i:2;O:8:\"stdClass\":4:{s:2:\"id\";s:8:\"I1786662\";s:3:\"val\";s:7:\"Tickets\";s:5:\"order\";s:1:\"3\";s:7:\"classes\";s:39:\"statusdone importance-normal postpone-0\";}}i:4;a:3:{i:0;O:8:\"stdClass\":4:{s:2:\"id\";s:8:\"I1639753\";s:3:\"val\";s:22:\"Troubleshoot Gland VPN\";s:5:\"order\";s:1:\"1\";s:7:\"classes\";s:39:\"statusdone importance-normal postpone-0\";}i:1;O:8:\"stdClass\":4:{s:2:\"id\";s:8:\"I1585155\";s:3:\"val\";s:3:\"D/R\";s:5:\"order\";s:1:\"2\";s:7:\"classes\";s:39:\"statusdone importance-normal postpone-0\";}i:2;O:8:\"stdClass\":4:{s:2:\"id\";s:8:\"I1224789\";s:3:\"val\";s:13:\"9 pm DAM demo\";s:5:\"order\";s:1:\"3\";s:7:\"classes\";s:39:\"statusdone importance-normal postpone-0\";}}i:5;a:3:{i:0;O:8:\"stdClass\":4:{s:2:\"id\";s:8:\"I1936342\";s:3:\"val\";s:17:\"Tickets - nothing\";s:5:\"order\";s:1:\"1\";s:7:\"classes\";s:39:\"statusdone importance-normal postpone-0\";}i:1;O:8:\"stdClass\":4:{s:2:\"id\";s:8:\"I1864663\";s:3:\"val\";s:3:\"D/R\";s:5:\"order\";s:1:\"2\";s:7:\"classes\";s:39:\"statusdone importance-normal postpone-0\";}i:2;O:8:\"stdClass\":4:{s:2:\"id\";s:8:\"I1781414\";s:3:\"val\";s:22:\"Troubleshoot Gland VPN\";s:5:\"order\";s:1:\"3\";s:7:\"classes\";s:39:\"statusdone importance-normal postpone-0\";}}i:6;a:1:{i:0;O:8:\"stdClass\":4:{s:2:\"id\";s:8:\"I1914869\";s:3:\"val\";s:2:\"EH\";s:5:\"order\";s:1:\"1\";s:7:\"classes\";s:39:\"statusdone importance-normal postpone-0\";}}i:7;a:1:{i:0;O:8:\"stdClass\":4:{s:2:\"id\";s:8:\"I1192203\";s:3:\"val\";s:2:\"EH\";s:5:\"order\";s:1:\"1\";s:7:\"classes\";s:39:\"statusdone importance-normal postpone-0\";}}}}}'),('aa46a0b7a662e8ca0fab6405c3027eeb','180.94.217.131','Mozilla/5.0 (Macintosh; Intel Mac OS X 10_10_1) AppleWebKit/537.36 (KHTML, like Gecko) Chrome/41.0.2272.89 Safari/537.36',1427090209,'a:2:{s:9:\"user_data\";s:0:\"\";s:10:\"weeglydata\";a:3:{s:7:\"account\";a:3:{s:7:\"user_id\";s:1:\"1\";s:9:\"user_code\";s:39:\"0bee-89b0-7a24-8e27-c83f-c3d5-9512-13c1\";s:10:\"user_email\";s:21:\"tonyprawiro@gmail.com\";}s:7:\"navdate\";s:10:\"2015-03-23\";s:9:\"weekitems\";a:2:{i:0;a:16:{i:0;O:8:\"stdClass\":4:{s:2:\"id\";s:8:\"I1687307\";s:3:\"val\";s:10:\"Login page\";s:5:\"order\";s:1:\"1\";s:7:\"classes\";s:28:\"importance-normal postpone-0\";}i:1;O:8:\"stdClass\":4:{s:2:\"id\";s:8:\"I1608358\";s:3:\"val\";s:15:\"Instant Publish\";s:5:\"order\";s:1:\"2\";s:7:\"classes\";s:28:\"importance-normal postpone-0\";}i:2;O:8:\"stdClass\":4:{s:2:\"id\";s:8:\"I1413726\";s:3:\"val\";s:22:\"D/R: Continue web1 AMI\";s:5:\"order\";s:1:\"3\";s:7:\"classes\";s:28:\"importance-normal postpone-0\";}i:3;O:8:\"stdClass\":4:{s:2:\"id\";s:8:\"I1512671\";s:3:\"val\";s:21:\"D/R: performance test\";s:5:\"order\";s:1:\"4\";s:7:\"classes\";s:28:\"importance-normal postpone-0\";}i:4;O:8:\"stdClass\":4:{s:2:\"id\";s:8:\"I1504404\";s:3:\"val\";s:28:\"D/R: mount volumes on bootup\";s:5:\"order\";s:1:\"5\";s:7:\"classes\";s:28:\"importance-normal postpone-0\";}i:5;O:8:\"stdClass\":4:{s:2:\"id\";s:8:\"I1232384\";s:3:\"val\";s:28:\"Convert binary_float columns\";s:5:\"order\";s:1:\"6\";s:7:\"classes\";s:28:\"importance-normal postpone-0\";}i:6;O:8:\"stdClass\":4:{s:2:\"id\";s:8:\"I1689571\";s:3:\"val\";s:37:\"Trim extra db: form_submittedformdata\";s:5:\"order\";s:1:\"7\";s:7:\"classes\";s:28:\"importance-normal postpone-0\";}i:7;O:8:\"stdClass\":4:{s:2:\"id\";s:8:\"I1404678\";s:3:\"val\";s:33:\"citibank limit review application\";s:5:\"order\";s:1:\"8\";s:7:\"classes\";s:28:\"importance-normal postpone-0\";}i:8;O:8:\"stdClass\":4:{s:2:\"id\";s:8:\"I1217390\";s:3:\"val\";s:36:\"google hosting for watermarking tool\";s:5:\"order\";s:1:\"9\";s:7:\"classes\";s:28:\"importance-normal postpone-0\";}i:9;O:8:\"stdClass\":4:{s:2:\"id\";s:8:\"I1134347\";s:3:\"val\";s:23:\"workflow queue reminder\";s:5:\"order\";s:2:\"10\";s:7:\"classes\";s:28:\"importance-normal postpone-0\";}i:10;O:8:\"stdClass\":4:{s:2:\"id\";s:8:\"I1854528\";s:3:\"val\";s:8:\"JobsBank\";s:5:\"order\";s:2:\"11\";s:7:\"classes\";s:28:\"importance-normal postpone-0\";}i:11;O:8:\"stdClass\":4:{s:2:\"id\";s:8:\"I1137834\";s:3:\"val\";s:46:\"JobScheduler (BMC Control-M alt) by SOS-Berlin\";s:5:\"order\";s:2:\"12\";s:7:\"classes\";s:28:\"importance-normal postpone-0\";}i:12;O:8:\"stdClass\":4:{s:2:\"id\";s:8:\"I1777200\";s:3:\"val\";s:28:\"SG Parenthood Tax Rebate PTR\";s:5:\"order\";s:2:\"13\";s:7:\"classes\";s:28:\"importance-normal postpone-0\";}i:13;O:8:\"stdClass\":4:{s:2:\"id\";s:8:\"I1558786\";s:3:\"val\";s:25:\"shibboleth in peggy-clone\";s:5:\"order\";s:2:\"14\";s:7:\"classes\";s:28:\"importance-normal postpone-0\";}i:14;O:8:\"stdClass\":4:{s:2:\"id\";s:8:\"I1293818\";s:3:\"val\";s:24:\"Email provider migration\";s:5:\"order\";s:2:\"15\";s:7:\"classes\";s:28:\"importance-normal postpone-0\";}i:15;O:8:\"stdClass\":4:{s:2:\"id\";s:8:\"I1807413\";s:3:\"val\";s:19:\"change EC2 keypairs\";s:5:\"order\";s:2:\"16\";s:7:\"classes\";s:28:\"importance-normal postpone-0\";}}i:1;a:6:{i:0;O:8:\"stdClass\":4:{s:2:\"id\";s:8:\"I1810422\";s:3:\"val\";s:3:\"D/R\";s:5:\"order\";s:1:\"4\";s:7:\"classes\";s:28:\"importance-normal postpone-0\";}i:1;O:8:\"stdClass\":4:{s:2:\"id\";s:8:\"I1441382\";s:3:\"val\";s:16:\"4pm tech catchup\";s:5:\"order\";s:1:\"5\";s:7:\"classes\";s:28:\"importance-normal postpone-0\";}i:2;O:8:\"stdClass\":4:{s:2:\"id\";s:8:\"I1297768\";s:3:\"val\";s:34:\"wwf.sg hide banner and tiger front\";s:5:\"order\";s:1:\"1\";s:7:\"classes\";s:39:\"statusdone importance-normal postpone-0\";}i:3;O:8:\"stdClass\":4:{s:2:\"id\";s:8:\"I1900900\";s:3:\"val\";s:12:\"landing page\";s:5:\"order\";s:1:\"2\";s:7:\"classes\";s:39:\"statusdone importance-normal postpone-0\";}i:4;O:8:\"stdClass\":4:{s:2:\"id\";s:8:\"I1143844\";s:3:\"val\";s:14:\"work from home\";s:5:\"order\";s:1:\"3\";s:7:\"classes\";s:39:\"statusdone importance-normal postpone-0\";}i:5;O:8:\"stdClass\":4:{s:2:\"id\";s:8:\"I1639656\";s:3:\"val\";s:37:\"tickets - nothing new needs attention\";s:5:\"order\";s:1:\"6\";s:7:\"classes\";s:39:\"statusdone importance-normal postpone-0\";}}}}}'),('3512b491850790a46e195bc4dbb9c0d7','180.94.217.131','Mozilla/5.0 (Macintosh; Intel Mac OS X 10_10_1) AppleWebKit/537.36 (KHTML, like Gecko) Chrome/41.0.2272.101 Safari/537.3',1427341812,'a:2:{s:9:\"user_data\";s:0:\"\";s:10:\"weeglydata\";a:3:{s:7:\"account\";a:3:{s:7:\"user_id\";s:1:\"1\";s:9:\"user_code\";s:39:\"0bee-89b0-7a24-8e27-c83f-c3d5-9512-13c1\";s:10:\"user_email\";s:21:\"tonyprawiro@gmail.com\";}s:7:\"navdate\";s:10:\"2015-03-23\";s:9:\"weekitems\";a:6:{i:0;a:14:{i:0;O:8:\"stdClass\":4:{s:2:\"id\";s:8:\"I1687307\";s:3:\"val\";s:10:\"Login page\";s:5:\"order\";s:1:\"1\";s:7:\"classes\";s:28:\"importance-normal postpone-0\";}i:1;O:8:\"stdClass\":4:{s:2:\"id\";s:8:\"I1512671\";s:3:\"val\";s:21:\"D/R: performance test\";s:5:\"order\";s:1:\"2\";s:7:\"classes\";s:28:\"importance-normal postpone-0\";}i:2;O:8:\"stdClass\":4:{s:2:\"id\";s:8:\"I1504404\";s:3:\"val\";s:28:\"D/R: mount volumes on bootup\";s:5:\"order\";s:1:\"3\";s:7:\"classes\";s:28:\"importance-normal postpone-0\";}i:3;O:8:\"stdClass\":4:{s:2:\"id\";s:8:\"I1232384\";s:3:\"val\";s:28:\"Convert binary_float columns\";s:5:\"order\";s:1:\"4\";s:7:\"classes\";s:28:\"importance-normal postpone-0\";}i:4;O:8:\"stdClass\":4:{s:2:\"id\";s:8:\"I1689571\";s:3:\"val\";s:37:\"Trim extra db: form_submittedformdata\";s:5:\"order\";s:1:\"5\";s:7:\"classes\";s:28:\"importance-normal postpone-0\";}i:5;O:8:\"stdClass\":4:{s:2:\"id\";s:8:\"I1404678\";s:3:\"val\";s:33:\"citibank limit review application\";s:5:\"order\";s:1:\"6\";s:7:\"classes\";s:28:\"importance-normal postpone-0\";}i:6;O:8:\"stdClass\":4:{s:2:\"id\";s:8:\"I1217390\";s:3:\"val\";s:36:\"google hosting for watermarking tool\";s:5:\"order\";s:1:\"7\";s:7:\"classes\";s:28:\"importance-normal postpone-0\";}i:7;O:8:\"stdClass\":4:{s:2:\"id\";s:8:\"I1134347\";s:3:\"val\";s:23:\"workflow queue reminder\";s:5:\"order\";s:1:\"8\";s:7:\"classes\";s:28:\"importance-normal postpone-0\";}i:8;O:8:\"stdClass\":4:{s:2:\"id\";s:8:\"I1854528\";s:3:\"val\";s:8:\"JobsBank\";s:5:\"order\";s:1:\"9\";s:7:\"classes\";s:28:\"importance-normal postpone-0\";}i:9;O:8:\"stdClass\":4:{s:2:\"id\";s:8:\"I1137834\";s:3:\"val\";s:46:\"JobScheduler (BMC Control-M alt) by SOS-Berlin\";s:5:\"order\";s:2:\"10\";s:7:\"classes\";s:28:\"importance-normal postpone-0\";}i:10;O:8:\"stdClass\":4:{s:2:\"id\";s:8:\"I1777200\";s:3:\"val\";s:28:\"SG Parenthood Tax Rebate PTR\";s:5:\"order\";s:2:\"11\";s:7:\"classes\";s:28:\"importance-normal postpone-0\";}i:11;O:8:\"stdClass\":4:{s:2:\"id\";s:8:\"I1558786\";s:3:\"val\";s:25:\"shibboleth in peggy-clone\";s:5:\"order\";s:2:\"12\";s:7:\"classes\";s:28:\"importance-normal postpone-0\";}i:12;O:8:\"stdClass\":4:{s:2:\"id\";s:8:\"I1293818\";s:3:\"val\";s:24:\"Email provider migration\";s:5:\"order\";s:2:\"13\";s:7:\"classes\";s:28:\"importance-normal postpone-0\";}i:13;O:8:\"stdClass\":4:{s:2:\"id\";s:8:\"I1807413\";s:3:\"val\";s:19:\"change EC2 keypairs\";s:5:\"order\";s:2:\"14\";s:7:\"classes\";s:28:\"importance-normal postpone-0\";}}i:1;a:5:{i:0;O:8:\"stdClass\":4:{s:2:\"id\";s:8:\"I1297768\";s:3:\"val\";s:34:\"wwf.sg hide banner and tiger front\";s:5:\"order\";s:1:\"1\";s:7:\"classes\";s:39:\"statusdone importance-normal postpone-0\";}i:1;O:8:\"stdClass\":4:{s:2:\"id\";s:8:\"I1900900\";s:3:\"val\";s:12:\"landing page\";s:5:\"order\";s:1:\"2\";s:7:\"classes\";s:39:\"statusdone importance-normal postpone-0\";}i:2;O:8:\"stdClass\":4:{s:2:\"id\";s:8:\"I1143844\";s:3:\"val\";s:14:\"work from home\";s:5:\"order\";s:1:\"3\";s:7:\"classes\";s:39:\"statusdone importance-normal postpone-0\";}i:3;O:8:\"stdClass\":4:{s:2:\"id\";s:8:\"I1810422\";s:3:\"val\";s:3:\"D/R\";s:5:\"order\";s:1:\"4\";s:7:\"classes\";s:39:\"statusdone importance-normal postpone-0\";}i:4;O:8:\"stdClass\":4:{s:2:\"id\";s:8:\"I1639656\";s:3:\"val\";s:37:\"tickets - nothing new needs attention\";s:5:\"order\";s:1:\"5\";s:7:\"classes\";s:39:\"statusdone importance-normal postpone-0\";}}i:2;a:5:{i:0;O:8:\"stdClass\":4:{s:2:\"id\";s:8:\"I1177492\";s:3:\"val\";s:3:\"D/R\";s:5:\"order\";s:1:\"1\";s:7:\"classes\";s:39:\"statusdone importance-normal postpone-0\";}i:1;O:8:\"stdClass\":4:{s:2:\"id\";s:8:\"I1134391\";s:3:\"val\";s:16:\"reply Andrew/Joe\";s:5:\"order\";s:1:\"2\";s:7:\"classes\";s:39:\"statusdone importance-normal postpone-0\";}i:2;O:8:\"stdClass\":4:{s:2:\"id\";s:8:\"I1840272\";s:3:\"val\";s:36:\"email Jeff about half day and agenda\";s:5:\"order\";s:1:\"3\";s:7:\"classes\";s:39:\"statusdone importance-normal postpone-0\";}i:3;O:8:\"stdClass\":4:{s:2:\"id\";s:8:\"I1519938\";s:3:\"val\";s:11:\"on half day\";s:5:\"order\";s:1:\"4\";s:7:\"classes\";s:39:\"statusdone importance-normal postpone-0\";}i:4;O:8:\"stdClass\":4:{s:2:\"id\";s:8:\"I1563521\";s:3:\"val\";s:7:\"tickets\";s:5:\"order\";s:1:\"5\";s:7:\"classes\";s:39:\"statusdone importance-normal postpone-0\";}}i:3;a:3:{i:0;O:8:\"stdClass\":4:{s:2:\"id\";s:8:\"I1608445\";s:3:\"val\";s:4:\"shaw\";s:5:\"order\";s:1:\"1\";s:7:\"classes\";s:39:\"statusdone importance-normal postpone-0\";}i:1;O:8:\"stdClass\":4:{s:2:\"id\";s:8:\"I1185898\";s:3:\"val\";s:3:\"D/R\";s:5:\"order\";s:1:\"2\";s:7:\"classes\";s:39:\"statusdone importance-normal postpone-0\";}i:2;O:8:\"stdClass\":4:{s:2:\"id\";s:8:\"I1786662\";s:3:\"val\";s:7:\"Tickets\";s:5:\"order\";s:1:\"3\";s:7:\"classes\";s:39:\"statusdone importance-normal postpone-0\";}}i:4;a:3:{i:0;O:8:\"stdClass\":4:{s:2:\"id\";s:8:\"I1585155\";s:3:\"val\";s:3:\"D/R\";s:5:\"order\";s:1:\"1\";s:7:\"classes\";s:28:\"importance-normal postpone-0\";}i:1;O:8:\"stdClass\":4:{s:2:\"id\";s:8:\"I1927020\";s:3:\"val\";s:13:\"9 pm DAM demo\";s:5:\"order\";s:1:\"3\";s:7:\"classes\";s:28:\"importance-normal postpone-0\";}i:2;O:8:\"stdClass\":4:{s:2:\"id\";s:8:\"I1224789\";s:3:\"val\";s:13:\"9 pm DAM demo\";s:5:\"order\";s:1:\"2\";s:7:\"classes\";s:39:\"statusdone importance-normal postpone-0\";}}i:5;a:1:{i:0;O:8:\"stdClass\":4:{s:2:\"id\";s:8:\"I1988352\";s:3:\"val\";s:14:\"10 am DAM demo\";s:5:\"order\";s:1:\"1\";s:7:\"classes\";s:28:\"importance-normal postpone-0\";}}}}}');
/*!40000 ALTER TABLE `ci_sessions` ENABLE KEYS */;
UNLOCK TABLES;

--
-- Table structure for table `weegly_items`
--

DROP TABLE IF EXISTS `weegly_items`;
/*!40101 SET @saved_cs_client     = @@character_set_client */;
/*!40101 SET character_set_client = utf8 */;
CREATE TABLE `weegly_items` (
  `item_id` int(11) NOT NULL AUTO_INCREMENT,
  `user_id` int(11) NOT NULL,
  `item_code` varchar(255) DEFAULT NULL,
  `item_name` varchar(255) DEFAULT NULL,
  `item_creation_datetime` datetime DEFAULT NULL,
  `item_date` date DEFAULT NULL,
  `item_order` int(11) NOT NULL DEFAULT '999',
  `item_statusdone` int(11) NOT NULL DEFAULT '0',
  `item_importance` int(11) NOT NULL DEFAULT '10',
  `item_postpone` varchar(255) DEFAULT NULL,
  PRIMARY KEY (`item_id`)
) ENGINE=MyISAM AUTO_INCREMENT=751 DEFAULT CHARSET=latin1;
/*!40101 SET character_set_client = @saved_cs_client */;

--
-- Dumping data for table `weegly_items`
--

LOCK TABLES `weegly_items` WRITE;
/*!40000 ALTER TABLE `weegly_items` DISABLE KEYS */;
INSERT INTO `weegly_items` VALUES (39,1,'I1634346','bd','2014-10-06 03:05:39','2014-10-07',4,1,10,'0'),(40,1,'I1543630','work@home','2014-10-06 03:05:49','2014-10-07',5,1,10,'0'),(41,1,'I1708427','t&amp;a catchup 4 pm','2014-10-06 03:06:27','2014-10-07',6,1,10,'0'),(42,1,'I1832028','sg public holiday','2014-10-06 03:06:57','2014-10-06',1,1,10,'0'),(43,1,'I1583294','bd bash','2014-10-06 03:07:42','2014-10-12',1,1,10,'0'),(44,1,'I1800412','follow up shellshock db nodes','2014-10-06 03:08:07','2014-10-07',3,1,10,'0'),(45,1,'I1585596','ldap test','2014-10-06 03:08:19','2014-10-07',2,1,10,'0'),(61,1,'I1656719','put lab test paper in bag','2014-10-08 01:57:26','2014-10-08',1,1,10,'0'),(325,1,'I1753414','Jeff away','2014-12-09 05:22:02','2014-12-17',3,1,10,'0'),(48,1,'I1559697','agenda new items','2014-10-07 08:56:21','2014-10-08',13,1,10,'0'),(49,1,'I1422915','Emirates','2014-10-07 13:31:57','2014-10-08',12,1,10,'0'),(50,1,'I1937422','test new ldap on cms and gvn','2014-10-07 13:32:53','2014-10-09',6,1,10,'0'),(51,1,'I1382463','townhall session with marco 8:15','2014-10-07 13:33:32','2014-10-08',11,1,10,'0'),(52,1,'I1981238','1-on-1 at 4:30 pm','2014-10-07 13:33:54','2014-10-08',4,1,10,'0'),(53,1,'I1153299','leave office at 3:30 pm ','2014-10-07 13:34:09','2014-10-08',3,1,10,'0'),(54,1,'I1338017','set aside clothes to iron','2014-10-07 13:34:57','2014-10-08',2,1,10,'0'),(55,1,'I1548724','call nhc','2014-10-07 13:35:08','2014-10-08',10,1,10,'0'),(56,1,'I1878809','ask Melvin about pru due date','2014-10-07 13:35:35','2014-10-08',6,1,10,'0'),(57,1,'I1455124','mona: proposal timeline','2014-10-07 13:35:56','2014-10-08',9,1,10,'0'),(58,1,'I1724085','remind meme uncle TV ','2014-10-07 13:36:25','2014-10-08',8,1,10,'0'),(68,1,'I1060514','4 pm tech catch up','2014-10-08 06:13:24','2014-10-13',2,1,10,'0'),(62,1,'I1379953','AIM FY15 revision','2014-10-08 02:04:44','2014-10-08',7,1,10,'0'),(71,1,'I1187820','AXS/SAM $363 Pru 40085173','2014-10-08 06:36:04','2014-10-15',3,1,10,'0'),(63,1,'I1633925','16 oct love\'s bd','2014-10-08 03:26:58','2014-10-16',6,1,10,'0'),(64,1,'I1602071','8 am lab test @ NHC lvl 2B','2014-10-08 03:27:15','2014-10-09',9,1,10,'0'),(65,1,'I1729502','3:40 pm doctor appt @ NHC lvl 5A','2014-10-08 03:27:38','2014-10-15',2,1,10,'0'),(66,1,'I1178604','1-pager for D/R','2014-10-08 03:28:03','2014-10-09',2,1,10,'0'),(69,1,'I1709568','weegly loggly check','2014-10-08 06:13:33','2014-10-13',8,1,10,'0'),(258,1,'I1692190','custom category for #subnav','2014-11-20 01:45:16','2014-11-20',1,1,10,'0'),(72,1,'I1120903','shopping list : ice cube tray','2014-10-08 06:48:24','2014-10-20',4,1,10,'0'),(73,1,'I1356077','sick','2014-10-08 06:49:36','2014-10-07',1,1,10,'0'),(74,1,'I1810985','expense claim R&amp;R LLC','2014-10-08 06:50:28','2014-10-20',3,1,10,'0'),(75,1,'I1983346','submit claim dr koh 7 oct','2014-10-08 06:50:44','2014-10-08',5,1,10,'0'),(76,1,'I1234897','11pm new IDP live in carrenza 10.15.6.12','2014-10-08 07:01:59','2014-10-17',2,1,10,'0'),(259,1,'I1341437','3:30 pm collect passport @ ICA','2014-11-20 04:14:11','2014-11-24',3,1,10,'0'),(78,1,'I1807413','change EC2 keypairs','2014-10-08 07:06:23','0000-00-00',15,0,10,'0'),(79,1,'I1014998','get cash from meme','2014-10-08 07:10:25','2014-10-09',5,1,10,'0'),(80,1,'I1176427','github / peggy where it is','2014-10-08 08:35:10','2014-10-09',7,1,10,'0'),(81,1,'I1038146','disk spec, partition &amp; shipping addresses','2014-10-08 08:37:16','2014-10-09',8,1,10,'0'),(82,1,'I1830007','setup D/R meeting with Dave and Adrian','2014-10-08 08:52:32','2014-10-21',3,1,10,'0'),(83,1,'I1634084','4:30 pm D/R meeting with Dave and Adrian','2014-10-08 08:53:01','2014-10-23',3,1,10,'0'),(84,1,'I1442366','transfer catering','2014-10-09 05:13:19','2014-10-09',4,1,10,'0'),(85,1,'I1271821','buy something from Emirates High Street','2014-10-09 05:13:31','2014-10-09',3,1,10,'0'),(104,1,'I1193359','github','2014-10-09 07:30:55','2014-10-13',3,1,10,'0'),(93,1,'I1692236','Jeff @ UK','2014-10-09 07:04:50','2014-10-16',5,1,10,'0'),(94,1,'I1270083','Jeff @ UK','2014-10-09 07:04:54','2014-10-17',6,1,10,'0'),(141,3,'I1829915','that boring task','2014-10-17 02:14:13','0000-00-00',1,0,10,'0'),(290,1,'I1948476','landing page','2014-11-28 03:59:39','2014-11-28',1,1,10,'0'),(324,1,'I1640776','check shaw','2014-12-09 03:35:10','2014-12-08',1,1,10,'0'),(96,1,'I1653215','annual closure (courtesy of wwf sg)','2014-10-09 07:11:01','2014-12-24',2,1,10,'0'),(97,1,'I1926731','sg public holiday','2014-10-09 07:11:07','2014-12-25',2,1,10,'0'),(98,1,'I1051193','annual closure','2014-10-09 07:11:12','2014-12-26',3,1,10,'0'),(99,1,'I1492911','annual closure','2014-10-09 07:11:22','2014-12-29',4,1,10,'0'),(100,1,'I1042246','annual closure','2014-10-09 07:11:29','2014-12-30',2,1,10,'0'),(101,1,'I1910495','annual closure (courtesy of wwf sg)','2014-10-09 07:11:40','2014-12-31',2,1,10,'0'),(102,1,'I1972059','sg public holiday','2014-10-09 07:11:44','2015-01-01',2,1,10,'0'),(103,1,'I1385123','biannual server cleanup','2014-10-09 07:11:53','2015-01-07',2,1,10,'0'),(105,1,'I1765920','10 am talk w Hari about git','2014-10-09 08:00:48','2014-10-10',6,1,10,'0'),(106,1,'I1693130','scan and send claire health booklet to mona','2014-10-09 11:55:31','2014-10-09',1,1,10,'0'),(107,1,'I1561188','email Jeff about D/R meeting potentially cancelled','2014-10-09 11:57:03','2014-10-10',5,1,10,'0'),(108,1,'I1017095','follow up db nodes shellshock','2014-10-09 18:07:05','2014-10-10',4,1,10,'0'),(109,1,'I1446910','gvn wording ','2014-10-09 18:07:33','2014-10-10',3,1,10,'0'),(110,1,'I1350275','6 pm shellshock for db nodes','2014-10-10 02:54:35','2014-10-13',1,1,10,'0'),(111,1,'I1254647','web-2 ckeditor roll-out','2014-10-10 02:56:21','2014-10-15',1,1,10,'0'),(112,1,'I1535322','web-1 ckeditor roll-out','2014-10-10 02:56:23','2014-10-16',3,1,10,'0'),(113,1,'I1240381','peggy ckeditor roll-out','2014-10-10 02:56:25','2014-10-17',5,1,10,'0'),(114,1,'I1718453','github','2014-10-10 03:44:59','2014-10-10',1,1,10,'0'),(115,1,'I1526704','uae arabic site - check with Mike','2014-10-13 02:19:22','2014-10-13',6,1,10,'0'),(117,1,'I1773901','check shaw','2014-10-13 02:24:14','2014-10-13',7,1,10,'0'),(118,1,'I1576842','maxmind - Hari','2014-10-13 03:27:29','2014-10-13',5,1,10,'0'),(119,1,'I1081944','email michel on machine image ticket','2014-10-13 07:53:26','2014-10-13',4,1,10,'0'),(120,1,'I1062649','github ','2014-10-13 08:33:07','2014-10-14',1,1,10,'0'),(121,1,'I1027102','ckeditor image with URL only','2014-10-13 10:16:41','2014-10-14',4,1,10,'0'),(122,1,'I1827057','Claire reentry permit ','2014-10-14 00:39:58','2014-10-14',3,1,10,'0'),(123,1,'I1240768','pad_wwfid issue','2014-10-14 05:56:56','2014-10-14',2,1,10,'0'),(219,1,'I1648143','D/R: start backing up web1 and web2','2014-11-05 02:53:18','2014-11-05',1,1,10,'0'),(125,1,'I1423345','SG Week','2014-10-14 07:45:46','2014-11-07',2,1,10,'0'),(126,1,'I1459668','SG Week','2014-10-14 07:45:54','2014-11-10',3,1,10,'0'),(127,1,'I1246669','SG Week','2014-10-14 07:45:56','2014-11-11',2,1,10,'0'),(128,1,'I1592180','SG Week','2014-10-14 07:45:57','2014-11-12',2,1,10,'0'),(129,1,'I1208419','SG Week','2014-10-14 07:45:59','2014-11-13',3,1,10,'0'),(245,1,'I1599837','backing up gvn, gpn','2014-11-17 01:54:07','2014-11-17',2,1,10,'0'),(132,1,'I1303080','check shaw','2014-10-14 07:54:31','2014-10-20',5,1,10,'0'),(421,1,'I1235484','Follow up Explorer - Oracle support contract','2015-01-19 08:19:40','2015-01-19',1,1,10,'0'),(135,1,'I1915351','poodle fix - pad, gvn, newinga, gdpp, gdpptest','2014-10-15 13:51:16','2014-10-16',2,1,10,'0'),(136,1,'I1786141','wwf nz donation page &amp; email','2014-10-16 03:22:19','2014-10-16',4,1,10,'0'),(137,1,'I1419329','wwf nz regular giver special email','2014-10-16 03:48:18','2014-10-27',4,1,10,'0'),(138,1,'I1469962','meme birthday dinner','2014-10-16 12:36:00','2014-10-16',1,1,10,'0'),(139,1,'I1435990','ckeditor some changes','2014-10-17 01:44:32','2014-10-17',4,1,10,'0'),(140,1,'I1227033','email mona','2014-10-17 01:44:57','2014-10-17',3,1,10,'0'),(142,3,'I1014573','texas chicken day!','2014-10-17 02:14:34','2014-10-20',1,0,10,'0'),(143,3,'I1908475','finish this task','2014-10-17 02:14:45','2014-10-17',1,0,10,'0'),(144,1,'I1432415','weekly loggly check','2014-10-20 02:44:29','2014-10-20',2,1,10,'0'),(148,1,'I1597550','wwf id google analytics and fb pixel','2014-10-20 06:22:33','2014-10-20',1,1,10,'0'),(149,1,'I1506618','follow up and update poddle ticket','2014-10-21 01:39:34','2014-10-21',6,1,10,'0'),(150,1,'I1483584','connect redirect','2014-10-21 01:40:46','2014-10-21',7,1,10,'0'),(151,1,'I1626798','expense claim R&amp;R','2014-10-21 01:41:14','2014-10-21',4,1,10,'0'),(152,1,'I1382220','email provider','2014-10-21 01:41:45','2014-10-21',1,1,10,'0'),(154,1,'I1376936','3 pm tech meetup','2014-10-21 01:42:25','2014-10-21',2,1,10,'0'),(155,1,'I1627665','gvn user lookup','2014-10-21 03:43:10','2014-10-21',5,1,10,'0'),(157,1,'I1056678','3:00 leave office','2014-10-21 08:19:36','2014-10-23',2,1,10,'0'),(158,1,'I1876233','sg public holiday','2014-10-23 02:54:09','2014-10-22',1,1,10,'0'),(159,1,'I1072512','watermarking tool migration to web1','2014-10-23 02:54:23','2014-10-23',7,1,10,'0'),(160,1,'I1449120','reply emma - popup tracking','2014-10-23 02:54:30','2014-10-23',6,1,10,'0'),(161,1,'I1268317','email caleb - email provider','2014-10-23 02:54:37','2014-10-23',5,1,10,'0'),(162,1,'I1758459','check the brand new codenvy','2014-10-23 02:56:48','2014-10-24',1,1,10,'0'),(163,1,'I1988276','rehearse d/r presentation','2014-10-23 02:57:06','2014-10-23',4,1,10,'0'),(164,1,'I1664448','make appt with tan, lee, choo associate','2014-10-23 06:19:22','2014-10-23',1,1,10,'0'),(165,1,'I1814403','on am leave','2014-10-24 06:36:19','2014-10-24',4,1,10,'0'),(166,1,'I1871271','10:30 am notary public','2014-10-24 06:36:28','2014-10-24',3,1,10,'0'),(167,1,'I1655355','11:45 am sbcc clinic','2014-10-24 06:36:35','2014-10-24',2,1,10,'0'),(168,1,'I1307185','5 pm tech meetup','2014-10-24 14:24:26','2014-10-27',2,1,10,'0'),(170,1,'I1266283','4:30 pm 1-on-1 Jeff','2014-10-26 09:52:46','2014-10-28',5,1,10,'0'),(171,1,'I1261336','collect renouncement &amp; mfa endorsement','2014-10-26 09:54:04','2014-10-29',3,1,10,'0'),(172,1,'I1305342','kbri','2014-10-26 09:54:16','2014-10-30',4,1,10,'0'),(173,1,'I1563810','3:45 pm citizenship registration @ ica','2014-10-26 09:54:47','2014-11-10',4,1,10,'0'),(174,1,'I1752789','weekly loggly check ','2014-10-26 10:18:36','2014-10-27',5,1,10,'0'),(175,1,'I1830081','(am) mona ','2014-10-26 14:52:08','2014-10-28',7,1,10,'0'),(176,1,'I1911783','popup stats','2014-10-27 00:46:14','2014-10-27',3,1,10,'0'),(177,1,'I1380421','popup stats','2014-10-27 05:38:00','2014-10-28',1,1,10,'0'),(178,1,'I1558430','talk to Jeff about D/R','2014-10-27 05:40:02','2014-10-28',4,1,10,'0'),(179,1,'I1222599','2 pm follow up wwf.or.id demographic interest','2014-10-27 06:06:57','2014-10-28',6,1,10,'0'),(180,1,'I1638073','wwf id demographic analytics and fb pixel','2014-10-27 08:02:16','2014-10-27',1,1,10,'0'),(181,1,'I1138374','email problem','2014-10-28 00:35:07','2014-10-28',3,1,10,'0'),(182,1,'I1394273','WWF NZ regular giver email','2014-10-28 00:35:12','2014-11-20',3,1,10,'0'),(251,1,'I1000406','landing page','2014-11-18 08:05:22','2014-11-20',2,1,10,'0'),(183,1,'I1568114','donation tab switch in pages (and articles?)','2014-10-28 01:33:07','2014-10-28',2,1,10,'0'),(184,1,'I1664585','gvn ldap search error','2014-10-28 08:27:31','2014-10-29',1,1,10,'0'),(185,1,'I1929641','popup stats','2014-10-28 08:27:36','2014-10-30',3,1,10,'0'),(186,1,'I1249685','donation tab switch wwftest','2014-10-28 08:27:42','2014-10-29',2,1,10,'0'),(187,1,'I1653909','email problem','2014-10-28 08:27:47','2014-10-29',4,1,10,'0'),(188,1,'I1163232','resourcespace feedback to digital','2014-10-28 23:59:08','2014-10-29',5,1,10,'0'),(242,1,'I1201675','backing up peggy, gvn','2014-11-13 06:18:28','2014-11-13',1,1,10,'0'),(190,1,'I1763085','fix donation tab switch','2014-10-30 04:14:53','2014-10-30',1,1,10,'0'),(191,1,'I1836559','2 pm: KBRI collect renouncement certificate','2014-10-30 04:15:07','2014-11-06',2,1,10,'0'),(192,1,'I1451654','VM export / dev environment','2014-10-30 04:18:02','2014-11-25',4,1,10,'0'),(193,1,'I1140469','weekly loggly check','2014-10-30 04:18:09','2014-11-17',3,1,10,'0'),(194,1,'I1699498','weekly loggly check','2014-10-30 04:18:13','2014-11-11',7,1,10,'0'),(195,1,'I1882206','weekly loggly check','2014-10-30 04:18:18','2014-11-03',2,1,10,'0'),(196,1,'I1674889','bishan park','2014-10-30 04:20:28','2014-11-01',1,1,10,'0'),(197,1,'I1346153','9:30 claire doc fit-for-school note','2014-10-30 04:20:39','2014-11-03',1,1,10,'0'),(198,1,'I1307274','redmart','2014-10-30 05:20:05','2014-10-31',3,1,10,'0'),(199,1,'I1772434','collect','2014-10-30 05:20:07','2014-10-30',2,1,10,'0'),(200,1,'I1152238','popup close track event and instruction to all sites','2014-10-30 08:47:15','2014-11-03',5,1,10,'0'),(201,1,'I1578562','donate tab enable disable per language','2014-10-31 00:36:06','2014-10-31',7,1,10,'0'),(202,1,'I1058036','emergency contact numbers','2014-10-31 01:00:19','2014-11-03',4,1,10,'0'),(203,1,'I1528439','sell newinga\'s RI','2014-10-31 02:44:20','2014-10-31',5,1,10,'0'),(204,1,'I1965016','resend EC2 pricing to Jeff','2014-10-31 02:44:34','2014-10-31',4,1,10,'0'),(205,1,'I1804239','D/R: write to Explorer about db backup script','2014-10-31 02:44:48','2014-12-08',4,1,10,'0'),(206,1,'I1959032','singapore visit agenda','2014-10-31 02:44:57','2014-10-31',1,1,10,'0'),(244,1,'I1788688','D/R: PO','2014-11-17 01:53:13','2014-11-25',3,1,10,'0'),(208,1,'I1512671','D/R: performance test','2014-10-31 02:45:47','0000-00-00',6,0,10,'0'),(209,1,'I1086135','D/R: provision backup env','2014-10-31 02:46:54','2014-11-04',1,1,10,'0'),(211,1,'I1010887','D/R: check exporting of sequence with Hari','2014-10-31 02:49:19','2014-10-31',6,1,10,'0'),(212,1,'I1031380','D/R: export schema','2014-10-31 03:21:16','2014-10-31',2,1,10,'0'),(213,1,'I1311082','D/R: PO - send email to Adriana','2014-10-31 06:48:14','2014-11-13',2,1,10,'0'),(215,1,'I1531950','10 am check shaw.sg','2014-11-03 01:27:53','2014-11-03',3,1,10,'0'),(220,1,'I1551028','D/R: start backing up peggy','2014-11-05 02:53:43','2014-11-06',1,1,10,'0'),(673,1,'I1211773','3pm Divisional meeting','2015-04-13 02:20:34','2015-04-09',2,1,10,'0'),(243,1,'I1516471','backing up peggy, gvn','2014-11-14 01:25:15','2014-11-14',2,1,10,'0'),(217,1,'I1293818','Email provider migration','2014-11-04 02:05:18','0000-00-00',14,0,10,'0'),(218,1,'I1029914','Write about SES verification','2014-11-04 02:05:34','2014-11-04',2,1,10,'0'),(221,1,'I1067682','D/R: start backing up peggy','2014-11-05 02:53:56','2014-11-07',1,1,10,'0'),(222,1,'I1470150','backing up peggy','2014-11-10 01:32:51','2014-11-10',2,1,10,'0'),(223,1,'I1220868','shibboleth in peggy-clone, check w OVE','2014-11-10 02:24:47','2014-11-10',1,1,10,'0'),(224,1,'I1927215','reply nagios ticket','2014-11-11 01:28:48','2014-11-10',6,1,10,'0'),(225,1,'I1011686','reply test machine ticket','2014-11-11 01:28:57','2014-11-10',5,1,10,'0'),(227,1,'I1532744','backing up peggy','2014-11-11 01:29:47','2014-11-11',5,1,10,'0'),(229,1,'I1452298','2pm: show and tell','2014-11-11 01:29:52','2014-11-11',3,1,10,'0'),(289,1,'I1988189','landing page','2014-11-28 02:44:12','2014-12-01',1,1,10,'0'),(231,1,'I1712923','digitalocean','2014-11-11 01:33:58','2014-11-11',6,1,10,'0'),(232,1,'I1437273','weekly standup','2014-11-11 02:42:14','2014-11-11',4,1,10,'0'),(233,1,'I1769150','Commit to git: ckeditor','2014-11-11 07:04:04','2014-11-13',4,1,10,'0'),(234,1,'I1942674','Commit to git: donate tab','2014-11-11 07:04:08','2014-11-12',3,1,10,'0'),(235,1,'I1673241','Commit to git: popup tracking instruction','2014-11-11 07:04:13','2014-11-13',5,1,10,'0'),(237,1,'I1995367','start backing up gvn','2014-11-11 08:05:09','2014-11-11',1,1,10,'0'),(238,1,'I1307260','D/R: setup peggy ami','2014-11-11 08:32:24','2014-12-11',3,1,10,'0'),(239,1,'I1214072','talk to Mike about landing page','2014-11-12 07:07:10','2014-11-12',4,1,10,'0'),(240,1,'I1880335','landing page','2014-11-12 07:07:16','2014-11-17',1,1,10,'0'),(241,1,'I1244214','github branching','2014-11-12 07:09:22','2014-11-12',1,1,10,'0'),(246,1,'I1785540','WWF CA annual report proxy pass','2014-11-17 01:56:45','2014-11-18',3,1,10,'0'),(247,1,'I1220004','landing page','2014-11-18 01:05:25','2014-11-18',1,1,10,'0'),(248,1,'I1276518','pnp container job title','2014-11-18 01:09:12','2014-11-18',4,1,10,'0'),(249,1,'I1066976','backing up gvn, gpn','2014-11-18 06:29:06','2014-11-18',2,1,10,'0'),(252,1,'I1256577','landing page','2014-11-18 08:05:24','2014-11-21',1,1,10,'0'),(263,1,'I1656305','on leave','2014-11-21 12:46:45','2014-11-24',2,1,10,'0'),(254,1,'I1972266','css class stTopIdentifier for left nav #subnav','2014-11-18 08:54:42','2014-11-19',2,1,10,'0'),(255,1,'I1920690','fix gpn\'s mounted filesystem in drhost1','2014-11-19 03:20:15','2014-11-19',1,1,10,'0'),(256,1,'I1777200','SG Parenthood Tax Rebate PTR','2014-11-19 06:59:38','2015-04-09',3,1,10,'0'),(257,1,'I1673525','SG ECDA Child Care Subsidy https://www.childcarelink.gov.sg','2014-11-19 07:01:54','2014-11-20',4,1,10,'0'),(260,1,'I1345546','WWF NZ regular giver email','2014-11-20 08:16:55','2014-11-26',2,1,10,'0'),(261,1,'I1054695','custom category for #subnav','2014-11-21 02:09:18','2014-11-21',3,1,10,'0'),(262,1,'I1332438','tickets','2014-11-21 02:09:21','2014-11-21',2,1,10,'0'),(264,1,'I1751622','check with olivier about shib D/R','2014-11-21 12:47:10','2014-11-25',7,1,10,'0'),(265,1,'I1342435','catch interstellar','2014-11-24 13:47:15','2014-11-24',1,1,10,'0'),(266,1,'I1229242','peggy crontab','2014-11-24 13:47:24','2014-11-25',11,1,10,'0'),(267,1,'I1866218','peggy clone subject emails','2014-11-24 13:47:32','2014-11-25',10,1,10,'0'),(268,1,'I1336375','base_site_url and mafengwo.com','2014-11-24 13:47:38','2014-11-25',8,1,10,'0'),(269,1,'I1436592','vilisite pacific english site','2014-11-25 02:18:46','2014-11-25',9,1,10,'0'),(270,1,'I1137834','JobScheduler (BMC Control-M alt) by SOS-Berlin','2014-11-25 05:52:05','0000-00-00',13,0,10,'0'),(271,1,'I1889268','check with Michel about ldap D/R','2014-11-25 06:21:42','2014-11-25',6,1,10,'0'),(285,1,'I1046002','check panda.org/jobs section for Caleb','2014-11-28 02:20:13','2014-11-28',4,1,10,'0'),(273,1,'I1219657','landing page','2014-11-25 06:34:41','2014-11-26',1,1,10,'0'),(274,1,'I1854528','JobsBank','2014-11-25 06:42:06','0000-00-00',12,0,10,'0'),(276,1,'I1471881','dinner with Jony and Marolyn','2014-11-25 08:18:03','2014-11-25',2,1,10,'0'),(277,1,'I1838049','Adobe CMS demo 12 - 2 AM details in email','2014-11-25 08:18:17','2014-11-26',4,1,10,'0'),(278,1,'I1695197','working from home','2014-11-25 08:18:24','2014-11-26',3,1,10,'0'),(279,1,'I1448382','1-on-1 at 4:30 cancelled','2014-11-25 08:56:14','2014-11-25',5,1,10,'0'),(280,1,'I1432741','5 pm tech and apps catch up','2014-11-25 08:56:23','2014-11-25',1,1,10,'0'),(281,1,'I1485687','D/R: PO for Explorer','2014-11-25 14:57:45','2014-11-28',2,1,10,'0'),(282,1,'I1127639','Dev environment check with Jeff','2014-11-25 14:57:54','2014-12-03',2,1,10,'0'),(283,1,'I1254487','WWF NZ regular giver email','2014-11-26 06:38:14','2014-11-27',2,1,10,'0'),(284,1,'I1636450','sick leave','2014-11-27 05:06:07','2014-11-27',1,1,10,'0'),(292,1,'I1582132','5pm tech catch up','2014-12-01 02:33:22','2014-12-03',3,1,10,'0'),(286,1,'I1401419','PTC @ MFS bring a usb drive','2014-11-28 02:31:52','2014-11-29',1,1,10,'0'),(287,1,'I1031920','close old tickets','2014-11-28 02:43:03','2014-11-28',3,1,10,'0'),(288,1,'I1132601','9am: WWF AU new google analytics tags','2014-11-28 02:43:25','2014-12-03',6,1,10,'0'),(291,1,'I1593084','pauline full month','2014-12-01 01:46:39','2014-11-30',1,1,10,'0'),(294,1,'I1797980','weekly loggly check','2014-12-01 02:35:02','2014-12-01',3,1,10,'0'),(295,1,'I1454537','check shaw.sg','2014-12-01 02:35:05','2014-12-01',4,1,10,'0'),(296,1,'I1827419','forward invoice Explorer to Adriana','2014-12-01 03:00:37','2014-12-01',2,1,10,'0'),(298,1,'I1639730','dns for bsd tools','2014-12-02 01:52:30','2014-12-02',4,1,10,'0'),(299,1,'I1948404','wwf nz error','2014-12-02 01:52:44','2014-12-02',3,1,10,'0'),(300,1,'I1196100','ticket 5371 search engine visibility','2014-12-02 01:53:04','2014-12-02',2,1,10,'0'),(301,1,'I1429776','landing page','2014-12-02 02:16:52','2014-12-02',1,1,10,'0'),(302,1,'I1860527','email rajas','2014-12-03 02:56:34','2014-12-03',5,1,10,'0'),(303,1,'I1324299','WWF nepal publishing problem','2014-12-03 03:38:44','2014-12-03',4,1,10,'0'),(305,1,'I1492908','landing page','2014-12-04 01:36:35','2014-12-03',1,1,10,'0'),(306,1,'I1938777','check annual donation wwf nz','2014-12-04 01:37:08','2014-12-04',5,1,10,'0'),(307,1,'I1217309','read apache articles','2014-12-04 01:37:17','2014-12-04',4,1,10,'0'),(308,1,'I1992245','explorer invoice','2014-12-04 01:37:24','2014-12-04',3,1,10,'0'),(309,1,'I1139249','landing page','2014-12-04 02:15:46','2014-12-04',2,1,10,'0'),(310,1,'I1544312','wwf nz donation email not delivered','2014-12-04 02:28:30','2014-12-04',1,1,10,'0'),(311,1,'I1256897','landing page','2014-12-04 08:12:21','2014-12-05',2,1,10,'0'),(313,1,'I1322226','wwf nz email problem','2014-12-05 01:26:46','2014-12-05',1,1,10,'0'),(314,1,'I1203714','barney @ onekm','2014-12-08 06:03:33','2014-12-07',1,1,10,'0'),(315,1,'I1548887','wwf nz clarify with flo2cash','2014-12-08 06:03:48','2014-12-08',3,1,10,'0'),(316,1,'I1629606','explorer remote backup requirement','2014-12-08 06:03:57','2014-12-08',2,1,10,'0'),(317,1,'I1704025','5 pm tech catch up','2014-12-08 06:12:04','2014-12-09',1,1,10,'0'),(318,1,'I1562598','wwf canada ticket','2014-12-09 02:57:14','2014-12-09',4,1,10,'0'),(319,1,'I1390008','special container for landing page','2014-12-09 02:58:28','2014-12-09',3,1,10,'0'),(320,1,'I1615715','pay digital ocean','2014-12-09 03:02:51','2014-12-09',2,1,10,'0'),(321,1,'I1930010','claire holiday','2014-12-09 03:34:16','2014-12-12',4,1,10,'0'),(322,1,'I1206660','watch penguins','2014-12-09 03:34:24','2014-12-12',1,1,10,'0'),(323,1,'I1370756','swimming','2014-12-09 03:34:27','2014-12-14',1,1,10,'0'),(326,1,'I1106380','Jeff away','2014-12-09 05:22:05','2014-12-18',4,1,10,'0'),(327,1,'I1891151','Jeff away','2014-12-09 05:22:05','2014-12-19',3,1,10,'0'),(328,1,'I1900285','Jeff away','2014-12-09 05:22:09','2014-12-22',2,1,10,'0'),(329,1,'I1134589','Jeff away','2014-12-09 05:22:10','2014-12-23',2,1,10,'0'),(330,1,'I1477405','on leave','2014-12-09 05:22:45','2015-01-02',2,1,10,'0'),(331,1,'I1599408','work from home','2014-12-09 05:22:56','2014-12-22',1,1,10,'0'),(332,1,'I1891683','work from home','2014-12-09 05:22:59','2014-12-23',1,1,10,'0'),(333,1,'I1796591','8:30 am - 12 pm crisis management masterclass','2014-12-09 05:23:21','2014-12-10',1,1,10,'0'),(334,1,'I1247833','work from home','2014-12-09 05:23:26','2014-12-10',2,1,10,'0'),(335,1,'I1879126','follow up Neil on D/R','2014-12-09 07:01:02','2014-12-11',5,1,10,'0'),(336,1,'I1993301','tickets','2014-12-11 02:59:12','2014-12-11',4,1,10,'0'),(337,1,'I1694890','follow up nagios','2014-12-11 03:48:41','2014-12-11',2,1,10,'0'),(338,1,'I1569894','D/R: CF patching scripts','2014-12-12 01:01:54','2014-12-12',2,1,10,'0'),(339,1,'I1572723','BSD training 23:30-00:30','2014-12-12 01:02:04','2014-12-11',1,1,10,'0'),(340,1,'I1533372','WWF AU ticket #5413','2014-12-12 01:02:31','2014-12-12',3,1,10,'0'),(341,1,'I1549335','D/R: setup web1 ami','2014-12-15 01:52:37','2014-12-15',4,1,10,'0'),(342,1,'I1221089','tickets','2014-12-15 03:30:55','2014-12-15',3,1,10,'0'),(343,1,'I1088746','vpn gland','2014-12-15 03:30:57','2014-12-15',2,1,10,'0'),(344,1,'I1185548','7:40 pm tech catchup','2014-12-16 01:12:07','2014-12-15',1,1,10,'0'),(345,1,'I1776654','send email to rajas &amp; olivier','2014-12-16 01:28:19','2014-12-16',4,1,10,'0'),(346,1,'I1628189','Jeff away','2014-12-16 01:28:22','2014-12-16',3,1,10,'0'),(347,1,'I1836909','Jeff away','2014-12-16 01:28:40','2014-12-24',1,1,10,'0'),(348,1,'I1826981','Jeff away','2014-12-16 01:28:42','2014-12-25',1,1,10,'0'),(349,1,'I1649677','Jeff away','2014-12-16 01:28:44','2014-12-26',2,1,10,'0'),(350,1,'I1713759','Jeff away','2014-12-16 01:28:49','2014-12-29',3,1,10,'0'),(351,1,'I1445674','Jeff away','2014-12-16 01:28:50','2014-12-30',1,1,10,'0'),(352,1,'I1807273','Jeff away','2014-12-16 01:28:52','2014-12-31',1,1,10,'0'),(353,1,'I1300180','Jeff away','2014-12-16 01:28:55','2015-01-01',1,1,10,'0'),(354,1,'I1247911','Jeff away','2014-12-16 01:28:57','2015-01-02',1,1,10,'0'),(355,1,'I1162168','D/R: setup web1 ami','2014-12-18 01:19:19','2014-12-16',2,1,10,'0'),(356,1,'I1321098','D/R: setup web1 ami','2014-12-18 01:19:24','2014-12-17',2,1,10,'0'),(357,1,'I1335542','D/R: setup web1 ami','2014-12-18 01:19:32','2014-12-18',3,1,10,'0'),(358,1,'I1426042','servers were down 1 am and 3 am','2014-12-18 01:19:39','2014-12-18',2,1,10,'0'),(359,1,'I1134347','workflow queue reminder','2014-12-18 01:23:05','0000-00-00',11,0,10,'0'),(360,1,'I1088863','worked from home','2015-01-05 02:26:36','2014-12-16',1,1,10,'0'),(361,1,'I1984763','worked from home','2015-01-05 02:26:40','2014-12-17',1,1,10,'0'),(362,1,'I1467726','worked from home','2015-01-05 02:26:45','2014-12-18',1,1,10,'0'),(363,1,'I1093779','worked from home','2015-01-05 02:26:54','2014-12-19',2,1,10,'0'),(364,1,'I1618234','D/R: setup web1 config files export','2015-01-05 02:27:13','2014-12-19',1,1,10,'0'),(365,1,'I1556715','CC/JJ','2015-01-05 02:27:51','2014-12-26',1,1,10,'0'),(366,1,'I1984783','CC/JJ','2015-01-05 02:27:56','2014-12-27',2,1,10,'0'),(367,1,'I1678870','CC/JJ','2015-01-05 02:28:00','2014-12-28',2,1,10,'0'),(368,1,'I1458197','CC/JJ','2015-01-05 02:28:05','2014-12-29',2,1,10,'0'),(369,1,'I1143828','Sentosa, Vivo, Orchard','2015-01-05 02:29:10','2014-12-27',1,1,10,'0'),(370,1,'I1728625','Safari, Gardens by the Bay','2015-01-05 02:29:26','2014-12-28',1,1,10,'0'),(371,1,'I1539155','Lunch Dian Xiao Er','2015-01-05 02:29:40','2014-12-29',1,1,10,'0'),(372,1,'I1794218','At home / NEX','2015-01-05 02:29:57','2015-01-03',1,1,10,'0'),(373,1,'I1377561','Vivo','2015-01-05 02:30:01','2015-01-04',1,1,10,'0'),(374,1,'I1993812','3pm: Samsung app meeting with Paul / Corp','2015-01-05 02:30:26','2015-01-06',2,1,10,'0'),(375,1,'I1439136','tickets','2015-01-05 02:30:32','2015-01-05',5,1,10,'0'),(376,1,'I1297543','check shaw','2015-01-05 02:30:36','2015-01-05',3,1,10,'0'),(377,1,'I1839989','D/R: setup web1 &amp; peggy config','2015-01-05 02:30:40','2015-01-05',1,1,10,'0'),(379,1,'I1774278','emergency phone numbers','2015-01-05 02:31:00','2015-01-05',2,1,10,'0'),(380,1,'I1820425','D/R: follow up NFS setup Carrenza','2015-01-05 02:31:22','2015-01-06',1,1,10,'0'),(381,1,'I1006311','D/R: GVN and GPN','2015-01-05 02:31:53','2015-01-06',4,1,10,'0'),(382,1,'I1023228','D/R: setup the rest of the server config','2015-01-05 02:32:25','2015-01-05',4,1,10,'0'),(393,1,'I1952802','Tickets','2015-01-09 07:22:19','2015-01-09',1,1,10,'0'),(383,1,'I1484084','R&amp;R claim','2015-01-05 08:03:16','2015-01-19',5,1,10,'0'),(384,1,'I1701749','D/R: setup web2, gabby, gpn, and gvn config','2015-01-05 08:19:45','2015-01-06',3,1,10,'0'),(385,1,'I1832351','D/R: Follow up NFS carrenza','2015-01-07 02:58:10','2015-01-08',1,0,10,'0'),(624,1,'I1185898','D/R','2015-03-25 01:52:47','2015-03-25',2,1,10,'0'),(387,1,'I1805743','Tickets','2015-01-07 06:49:07','2015-01-07',1,1,10,'0'),(388,1,'I1979413','Tech catch-up','2015-01-08 03:24:26','2015-01-09',3,1,10,'0'),(389,1,'I1721430','Tickets','2015-01-08 05:38:41','2015-01-08',2,1,10,'0'),(390,1,'I1717475','Card for new year party thing','2015-01-08 05:49:20','2015-01-08',3,1,10,'0'),(391,1,'I1575788','New year party','2015-01-09 01:33:09','2015-01-09',5,1,10,'0'),(392,1,'I1584801','try cacti/remove it from gvn','2015-01-09 07:22:06','2015-01-09',2,1,10,'0'),(394,1,'I1584461','Tickets','2015-01-12 01:47:26','2015-01-12',3,1,10,'0'),(395,1,'I1882316','Shaw','2015-01-12 01:47:27','2015-01-12',2,1,10,'0'),(397,1,'I1896252','awstats for all sites in web1 and web2','2015-01-12 01:47:49','2015-01-12',1,1,10,'0'),(398,1,'I1163578','pagination issue in search (WWF HK)','2015-01-12 02:03:41','2015-01-13',2,1,10,'0'),(400,1,'I1635163','awstats','2015-01-13 03:31:12','2015-01-13',3,1,10,'0'),(399,1,'I1664794','Tickets','2015-01-12 07:50:19','2015-01-13',1,1,10,'0'),(402,1,'I1738365','Tickets','2015-01-14 03:54:29','2015-01-14',3,1,10,'0'),(403,1,'I1154716','pagination issue in search (WWF HK)','2015-01-14 03:54:41','2015-01-14',4,1,10,'0'),(405,1,'I1316817','traffic thing','2015-01-14 04:12:39','2015-01-14',2,1,10,'0'),(411,1,'I1384566','WWF BG gallery caption not showing','2015-01-15 05:11:46','2015-01-15',1,1,10,'0'),(407,1,'I1505235','Ticket','2015-01-15 01:43:46','2015-01-15',2,1,10,'0'),(408,1,'I1933373','GVN preview, thumbnail, anim gif not working for m4v','2015-01-15 05:10:42','2015-01-15',4,1,10,'0'),(409,1,'I1380149','WWF NZ regular giver email interval fix','2015-01-15 05:10:56','2015-01-15',3,1,10,'0'),(410,1,'I1598891','D/R: Follow up backup method Explorer','2015-01-15 05:11:25','2015-01-14',1,1,10,'0'),(412,1,'I1134320','Tickets','2015-01-19 01:26:40','2015-01-16',2,1,10,'0'),(413,1,'I1221486','Worked from home','2015-01-19 01:26:49','2015-01-16',1,1,10,'0'),(414,1,'I1165670','4pm Tech catch-up','2015-01-19 01:27:03','2015-01-19',2,1,10,'0'),(416,1,'I1677416','Landing page check','2015-01-19 01:27:16','2015-01-19',4,1,10,'0'),(417,1,'I1455279','iFrame PayPal integration for EH','2015-01-19 01:27:26','2015-01-19',3,1,10,'0'),(418,1,'I1456167','GVN test setup','2015-01-19 01:28:00','2015-01-19',7,1,10,'0'),(419,1,'I1566012','Tickets','2015-01-19 01:35:49','2015-01-19',6,1,10,'0'),(423,1,'I1864380','Bulgaria photo gallery issue','2015-01-20 01:57:14','2015-01-20',4,1,10,'0'),(422,1,'I1848303','8pm talk to Jeff about publish script / gabby / nfs','2015-01-19 08:31:46','2015-01-21',4,1,10,'0'),(428,1,'I1927936','Follow up Carrenza NFS','2015-01-22 02:39:40','2015-01-21',3,1,10,'0'),(424,1,'I1916961','BSD stuff','2015-01-20 02:46:43','2015-01-20',3,1,10,'0'),(425,1,'I1582419','GPN footer link change','2015-01-20 04:57:42','2015-01-20',2,1,10,'0'),(426,1,'I1496914','wwf-congobasin blocked stuff','2015-01-20 05:04:30','2015-01-20',1,1,10,'0'),(427,1,'I1858202','BSD form validation','2015-01-21 01:56:01','2015-01-22',3,1,10,'0'),(429,1,'I1209460','Follow up Explorer if any extra license is needed','2015-01-22 02:39:54','2015-01-21',2,1,10,'0'),(430,1,'I1673764','Tickets','2015-01-22 02:41:22','2015-01-22',4,1,10,'0'),(431,1,'I1525609','Tickets','2015-01-22 02:41:24','2015-01-21',1,1,10,'0'),(432,1,'I1554287','Start logging publish script','2015-01-22 02:41:38','2015-01-22',2,1,10,'0'),(433,1,'I1422997','GVN help page changes','2015-01-22 03:17:05','2015-01-22',1,1,10,'0'),(434,1,'I1610029','Logging publish script','2015-01-22 08:29:53','2015-01-23',3,1,10,'0'),(435,1,'I1968812','working from home','2015-01-27 01:11:41','2015-01-23',2,1,10,'0'),(436,1,'I1888109','PM start fever','2015-01-27 01:11:44','2015-01-23',1,1,10,'0'),(437,1,'I1841151','sick','2015-01-27 01:11:55','2015-01-24',1,1,10,'0'),(438,1,'I1011996','sick','2015-01-27 01:11:57','2015-01-25',1,1,10,'0'),(439,1,'I1472568','sick on mc','2015-01-27 01:12:14','2015-01-26',2,1,10,'0'),(440,1,'I1344798','shaw','2015-01-27 01:12:18','2015-01-27',12,1,10,'0'),(441,1,'I1650401','bsd','2015-01-27 01:12:23','2015-01-27',9,1,10,'0'),(442,1,'I1637825','csr - taken care of by caleb','2015-01-27 01:12:25','2015-01-27',5,1,10,'0'),(443,1,'I1026339','mc &amp; claim','2015-01-27 01:12:31','2015-01-27',3,1,10,'0'),(444,1,'I1025643','4pm tech catchup','2015-01-27 01:12:39','2015-01-26',1,1,10,'0'),(445,1,'I1202072','aim','2015-01-27 01:12:48','2015-01-27',2,1,10,'0'),(446,1,'I1367803','login page content','2015-01-27 01:12:54','2015-01-27',10,1,10,'0'),(447,1,'I1450852','landing page container','2015-01-27 01:13:05','2015-01-27',8,1,10,'0'),(448,1,'I1952665','follow up nfs','2015-01-27 01:13:10','2015-01-27',11,1,10,'0'),(449,1,'I1439180','follow up claim R&amp;R jeff','2015-01-27 01:19:27','2015-01-27',7,1,10,'0'),(450,1,'I1649847','login page content','2015-01-27 01:29:27','2015-02-03',2,1,10,'0'),(451,1,'I1759621','tickets','2015-01-27 01:30:12','2015-01-27',6,1,10,'0'),(452,1,'I1001831','wwf thailand dns correction','2015-01-27 03:21:42','2015-01-27',4,1,10,'0'),(453,1,'I1222901','wwf.sg keep track','2015-01-27 03:33:47','2015-01-27',1,1,10,'0'),(454,1,'I1894550','publish script','2015-01-27 04:15:44','2015-03-04',5,1,10,'0'),(455,1,'I1866892','Adding metadata export fields in GVN','2015-01-27 08:30:26','2015-01-28',5,1,10,'0'),(456,1,'I1652654','R&amp;R claim','2015-01-28 01:31:11','2015-01-28',4,1,10,'0'),(457,1,'I1522625','tickets','2015-01-28 01:31:12','2015-01-28',3,1,10,'0'),(458,1,'I1901425','AIM 2:45-3:45 pm','2015-01-28 01:31:17','2015-01-28',2,1,10,'0'),(459,1,'I1619516','follow up Justin explorer','2015-01-28 01:47:14','2015-01-28',1,1,10,'0'),(460,1,'I1295621','plan reboot','2015-01-29 01:08:43','2015-01-29',2,1,10,'0'),(462,1,'I1745972','tickets','2015-01-29 01:09:01','2015-01-29',7,1,10,'0'),(463,1,'I1872625','update TOU','2015-01-29 01:25:28','2015-01-29',6,1,10,'0'),(464,1,'I1537139','push watermarking tool dev to live','2015-01-29 01:25:36','2015-01-29',5,1,10,'0'),(465,1,'I1597214','D/R oracle method feedback','2015-01-29 01:26:36','2015-01-29',8,1,10,'0'),(466,1,'I1911599','adding ckeditor to tools.panda.org','2015-01-29 03:39:37','2015-02-23',6,1,10,'0'),(467,1,'I1914936','glibc','2015-01-29 06:20:26','2015-01-29',3,1,10,'0'),(468,1,'I1278746','ssl','2015-01-29 06:20:29','2015-01-29',4,1,10,'0'),(469,1,'I1795078','generate csr','2015-01-29 07:21:20','2015-01-29',1,1,10,'0'),(471,1,'I1496139','download ssl cert and try in gvntest','2015-01-30 01:46:28','2015-01-30',1,1,10,'0'),(472,1,'I1587239','reboot peggy clone','2015-01-30 01:46:31','2015-01-30',5,1,10,'0'),(473,1,'I1974478','reboot newinga, shop(2), arctichome, D/R host, gvntest','2015-01-30 01:46:34','2015-01-30',4,1,10,'0'),(474,1,'I1892538','check watermarking tool','2015-01-30 01:46:40','2015-01-30',3,1,10,'0'),(475,1,'I1626329','follow up backup method explorer','2015-01-30 01:46:46','2015-01-30',2,1,10,'0'),(476,1,'I1813481','2pm restart peggy, web1, web2, gvn','2015-01-30 05:12:41','2015-01-31',2,1,10,'0'),(488,1,'I1217390','google hosting for watermarking tool','2015-02-02 08:15:43','0000-00-00',10,0,10,'0'),(478,1,'I1469897','new ssl cert installation','2015-01-30 08:02:43','2015-02-03',4,1,10,'0'),(479,1,'I1226826','new ssl cert installation','2015-01-30 08:02:44','2015-02-03',1,1,10,'0'),(481,1,'I1046099','talk to caleb / naze / matt / wp about login page','2015-01-30 08:02:56','2015-02-24',4,1,10,'0'),(482,1,'I1325657','bsd','2015-01-30 08:03:01','2015-02-02',3,1,10,'0'),(483,1,'I1537654','shaw','2015-01-30 08:03:04','2015-02-02',4,1,10,'0'),(484,1,'I1550742','ikea','2015-02-02 01:43:05','2015-01-31',1,1,10,'0'),(485,1,'I1769463','bugis library','2015-02-02 01:43:16','2015-02-01',1,1,10,'0'),(486,1,'I1424366','gabby oracle thing','2015-02-02 02:06:13','2015-02-02',1,1,10,'0'),(487,1,'I1461844','remove vm snapshots','2015-02-02 02:26:38','2015-02-02',2,1,10,'0'),(489,1,'I1163119','tickets','2015-02-03 02:21:17','2015-02-03',3,1,10,'0'),(490,1,'I1025316','bsd validation problem','2015-02-03 02:21:23','2015-02-04',4,1,10,'0'),(491,1,'I1884078','oracle client installation','2015-02-04 01:25:01','2015-02-04',3,1,10,'0'),(492,1,'I1939429','aim','2015-02-04 01:25:14','2015-02-04',1,1,10,'0'),(493,1,'I1032834','4pm 1-on-1 Jeff','2015-02-04 01:25:29','2015-02-04',2,1,10,'0'),(494,1,'I1987468','half-day','2015-02-05 01:53:14','2015-02-05',3,1,10,'0'),(495,1,'I1024089','2:50pm cardiologist @ NHCS','2015-02-05 01:53:21','2015-02-05',1,1,10,'0'),(496,1,'I1404678','citibank limit review application','2015-02-05 01:53:35','0000-00-00',9,0,10,'0'),(497,1,'I1082062','Landing page','2015-02-05 02:19:40','2015-02-09',3,1,10,'0'),(498,1,'I1685001','reef page for wwf au','2015-02-05 03:52:54','2015-02-05',2,1,10,'0'),(499,1,'I1355511','D/R: Test import cms03 and intra02','2015-02-09 01:46:09','2015-02-06',2,1,10,'0'),(500,1,'I1689571','Trim extra db: form_submittedformdata','2015-02-09 01:46:23','0000-00-00',8,0,10,'0'),(501,1,'I1863452','BSD','2015-02-09 01:46:42','2015-02-06',1,1,10,'0'),(502,1,'I1176924','Test cms03 in RDS','2015-02-09 01:46:55','2015-02-10',3,1,10,'0'),(503,1,'I1932081','Tickets - wwf.eu and wwf.sg spotlight','2015-02-09 01:47:04','2015-02-09',2,1,10,'0'),(504,1,'I1232384','Convert binary_float columns','2015-02-09 01:47:26','0000-00-00',7,0,10,'0'),(505,1,'I1997496','Shaw','2015-02-09 01:52:49','2015-02-09',4,1,10,'0'),(506,1,'I1669795','Remove R53 health check','2015-02-09 01:55:33','2015-02-09',1,1,10,'0'),(507,1,'I1454517','Tickets','2015-02-10 01:20:40','2015-02-10',2,1,10,'0'),(508,1,'I1959408','AIM signed and sent','2015-02-10 01:20:45','2015-02-10',1,1,10,'0'),(513,1,'I1133073','Tickets','2015-02-12 02:34:13','2015-02-12',2,1,10,'0'),(510,1,'I1392400','BSD petition counter','2015-02-11 01:52:06','2015-02-11',1,1,10,'0'),(512,1,'I1756608','login page content access','2015-02-11 04:52:43','2015-02-12',3,1,10,'0'),(514,1,'I1331247','design login page','2015-02-13 02:06:10','2015-02-12',1,1,10,'0'),(515,1,'I1383108','login page','2015-02-13 02:06:16','2015-02-13',3,1,10,'0'),(516,1,'I1427716','web1 & db d/r script','2015-02-13 02:06:20','2015-02-13',2,1,10,'0'),(517,1,'I1605947','tanglin chocolate','2015-02-13 02:06:32','2015-02-13',1,1,10,'0'),(518,1,'I1182972','CNY half day off','2015-02-23 01:46:16','2015-02-18',1,1,10,'0'),(519,1,'I1119500','CNY','2015-02-23 01:46:19','2015-02-19',1,1,10,'0'),(520,1,'I1483488','CNY','2015-02-23 01:46:21','2015-02-20',2,1,10,'0'),(521,1,'I1082277','Zoo','2015-02-23 01:46:28','2015-02-20',1,1,10,'0'),(522,1,'I1558304','Fishing','2015-02-23 01:46:31','2015-02-22',2,1,10,'0'),(523,1,'I1240746','Nex breakfast prata wala','2015-02-23 01:46:53','2015-02-21',2,1,10,'0'),(524,1,'I1658208','Nex dinner','2015-02-23 01:46:59','2015-02-21',1,1,10,'0'),(525,1,'I1468568','Fish & co lunch','2015-02-23 01:47:05','2015-02-22',1,1,10,'0'),(526,1,'I1442193','Tech meetup','2015-02-23 01:47:13','2015-02-16',2,1,10,'0'),(527,1,'I1714516','(Mike was sick)','2015-02-23 01:47:16','2015-02-16',1,1,10,'0'),(528,1,'I1701912','Was on leave','2015-02-23 01:47:50','2015-02-17',2,1,10,'0'),(529,1,'I1531049','Shopping day (NTUC, Clothes @ Vivo)','2015-02-23 01:48:05','2015-02-17',1,1,10,'0'),(530,1,'I1778978','Shaw','2015-02-23 01:55:21','2015-02-23',5,1,10,'0'),(531,1,'I1091313','Landing page','2015-02-23 01:55:23','2015-02-23',4,1,10,'0'),(532,1,'I1508260','Tech meetup','2015-02-23 01:55:24','2015-02-23',1,1,10,'0'),(533,1,'I1862854','Login page','2015-02-23 01:55:31','2015-02-23',3,1,10,'0'),(534,1,'I1397516','D/R','2015-02-23 01:55:33','2015-03-06',1,1,10,'0'),(535,1,'I1283445','Tickets','2015-02-23 01:56:58','2015-02-23',2,1,10,'0'),(536,1,'I1436861','Landing page','2015-02-24 01:28:48','2015-02-24',3,1,10,'0'),(537,1,'I1687307','Login page','2015-02-24 01:28:50','0000-00-00',5,0,10,'0'),(538,1,'I1168672','Tickets','2015-02-24 01:28:59','2015-02-24',2,1,10,'0'),(539,1,'I1320986','BSD add counter from worldwildlife.org','2015-02-24 05:37:56','2015-02-24',1,1,10,'0'),(540,1,'I1648372','Landing page','2015-02-25 01:48:00','2015-02-25',1,1,10,'0'),(541,1,'I1169028','GPN Terms of Use changes','2015-02-25 03:55:32','2015-03-02',5,1,10,'0'),(542,1,'I1117989','Landing page','2015-02-26 02:29:09','2015-02-26',1,1,10,'0'),(543,1,'I1337081','BSD ZH forms','2015-02-26 02:29:17','2015-03-02',6,1,10,'0'),(544,1,'I1972582','Landing page','2015-03-02 03:23:16','2015-02-27',1,1,10,'0'),(545,1,'I1686988','Landing page','2015-03-02 03:23:27','2015-03-02',3,1,10,'0'),(546,1,'I1538631','Emoji hosting','2015-03-02 03:23:38','2015-03-02',2,1,10,'0'),(547,1,'I1507514','4 pm Tech meetup','2015-03-02 03:23:42','2015-03-03',4,1,10,'0'),(548,1,'I1505247','3 pm catch up with Dave','2015-03-02 03:24:02','2015-03-04',2,1,10,'0'),(550,1,'I1372404','Tickets','2015-03-02 04:56:08','2015-03-02',4,1,10,'0'),(551,1,'I1343941','central-america video preview image','2015-03-02 04:56:25','2015-03-02',1,1,10,'0'),(552,1,'I1216345','Landing page ','2015-03-03 01:58:29','2015-03-03',3,1,10,'0'),(553,1,'I1688803','Tickets','2015-03-03 01:58:31','2015-03-03',2,1,10,'0'),(554,1,'I1069378','central-america video preview image','2015-03-03 01:58:42','2015-03-03',6,1,10,'0'),(555,1,'I1866685','Reserved instance','2015-03-03 02:00:04','2015-03-03',5,1,10,'0'),(556,1,'I1330873','AWStats in peggy','2015-03-03 07:53:46','2015-03-04',3,1,10,'0'),(557,1,'I1853068','Emoji hosting - check unified billing','2015-03-03 07:58:11','2015-03-03',1,1,10,'0'),(558,1,'I1724268','GVN directory not exists for 1664','2015-03-04 02:25:41','2015-03-04',7,1,10,'0'),(559,1,'I1614053','JD Comms Intern for WWF SG','2015-03-04 02:26:11','2015-03-04',6,1,10,'0'),(560,1,'I1415986','Lunch out','2015-03-04 02:26:29','2015-03-04',1,1,10,'0'),(561,1,'I1380431','CNY gathering','2015-03-04 03:01:59','2015-03-01',1,1,10,'0'),(562,1,'I1030618','Tickets','2015-03-04 03:45:54','2015-03-04',4,1,10,'0'),(564,1,'I1836812','Tickets','2015-03-05 03:16:43','2015-03-05',4,1,10,'0'),(565,1,'I1906346','Social media content box in pad','2015-03-05 03:16:59','2015-03-05',3,1,10,'0'),(566,1,'I1568414','Test publish wwftest new vs original code','2015-03-05 03:17:14','2015-03-05',2,1,10,'0'),(567,1,'I1594223','Assets Library WWF AU','2015-03-05 03:17:30','2015-03-05',1,1,10,'0'),(625,1,'I1786662','Tickets','2015-03-25 01:52:48','2015-03-25',3,1,10,'0'),(569,1,'I1598566','BSD','2015-03-06 01:18:54','2015-03-06',5,1,10,'0'),(570,1,'I1141399','Landing page to web1 and web2','2015-03-06 02:22:28','2015-03-10',1,1,10,'0'),(571,1,'I1389232','Haircut','2015-03-06 02:27:49','2015-03-06',4,1,10,'0'),(572,1,'I1696980','TTSH buy sunvasc','2015-03-06 02:27:57','2015-03-06',3,1,10,'0'),(573,1,'I1579086','Library drop book and cd','2015-03-06 06:29:39','2015-03-06',2,1,10,'0'),(574,1,'I1117811','D/R','2015-03-10 01:07:56','2015-03-12',1,1,10,'0'),(575,1,'I1054592','Catch up with Jeff','2015-03-10 01:08:00','2015-03-11',4,1,10,'0'),(576,1,'I1122234','On leave','2015-03-10 01:08:03','2015-03-09',5,1,10,'0'),(577,1,'I1693916','(Catch movie - Lang Tong)','2015-03-10 01:08:08','2015-03-09',4,1,10,'0'),(578,1,'I1207332','(Robinsons - Nespresso)','2015-03-10 01:08:13','2015-03-09',3,1,10,'0'),(579,1,'I1191551','(Rolex)','2015-03-10 01:08:17','2015-03-09',2,1,10,'0'),(580,1,'I1587771','(Lunch - Hai Di Lao Hot Pot)','2015-03-10 01:08:33','2015-03-09',1,1,10,'0'),(581,1,'I1519731','Get Ensure','2015-03-10 01:09:23','2015-03-10',2,1,10,'0'),(582,1,'I1886647','on leave','2015-03-10 01:11:21','2015-03-20',2,1,10,'0'),(583,1,'I1306457','Tickets','2015-03-10 01:14:15','2015-03-10',3,1,10,'0'),(584,1,'I1673014','Landing page - evaluate feedbacks','2015-03-11 01:45:17','2015-03-11',3,1,10,'0'),(585,1,'I1349145','Tickets','2015-03-11 01:45:19','2015-03-11',2,1,10,'0'),(586,1,'I1059863','D/R','2015-03-13 02:00:22','2015-03-11',1,1,10,'0'),(587,1,'I1317487','D/R','2015-03-13 02:00:28','2015-03-13',1,1,10,'0'),(588,1,'I1079275','overseas - bintan','2015-03-13 02:00:40','2015-03-20',1,1,10,'0'),(589,1,'I1314788','overseas - bintan','2015-03-13 02:00:42','2015-03-21',1,1,10,'0'),(590,1,'I1664206','overseas - bintan','2015-03-13 02:00:44','2015-03-22',1,1,10,'0'),(591,1,'I1609514','Tech / Digital DAM meeting @ Gland','2015-03-13 02:01:21','2015-06-04',1,0,10,'0'),(592,1,'I1690027','Tech / Digital DAM meeting @ Gland','2015-03-13 02:01:25','2015-06-05',1,0,10,'0'),(593,1,'I1186827','Digital / Fundraising event @ Brussels','2015-03-13 02:01:38','2015-06-11',1,0,10,'0'),(594,1,'I1434622','Digital / Fundraising event @ Brussels','2015-03-13 02:01:41','2015-06-10',1,0,10,'0'),(595,1,'I1179483','Digital / Fundraising event @ Brussels','2015-03-13 02:01:43','2015-06-12',1,0,10,'0'),(596,1,'I1033573','Batam','2015-03-13 02:02:04','2015-05-30',1,0,10,'0'),(597,1,'I1304513','Batam','2015-03-13 02:02:05','2015-05-31',1,0,10,'0'),(598,1,'I1223473','Batam','2015-03-13 02:02:08','2015-06-01',1,0,10,'0'),(600,1,'I1381682','shaw','2015-03-16 02:06:36','2015-03-16',4,1,10,'0'),(601,1,'I1564770','create screen recording for activate-db','2015-03-16 02:06:41','2015-03-16',3,1,10,'0'),(602,1,'I1697170','tickets','2015-03-16 03:08:19','2015-03-16',2,1,10,'0'),(603,1,'I1928775','D/R','2015-03-17 02:06:51','2015-03-17',2,1,10,'0'),(604,1,'I1950459','4pm tech catch up','2015-03-17 02:06:57','2015-03-16',1,1,10,'0'),(605,1,'I1953978','investigate peggy down times','2015-03-17 02:07:05','2015-03-17',1,1,10,'0'),(606,1,'I1362830','3:45pm catch up with Jeff','2015-03-18 02:11:46','2015-03-18',4,1,10,'0'),(607,1,'I1714223','D/R','2015-03-18 02:12:00','2015-03-18',3,1,10,'0'),(608,1,'I1452871','Landing page review changes','2015-03-18 02:12:04','2015-03-18',2,1,10,'0'),(609,1,'I1363267','Tickets - none of them need attention','2015-03-18 02:12:15','2015-03-18',1,1,10,'0'),(610,1,'I1810422','D/R','2015-03-19 01:22:46','2015-03-23',4,1,10,'0'),(611,1,'I1784044','Landing page','2015-03-19 01:22:48','2015-03-19',2,1,10,'0'),(612,1,'I1506679','Tickets - nothing','2015-03-19 01:22:56','2015-03-19',1,1,10,'0'),(623,1,'I1177492','D/R','2015-03-24 03:07:12','2015-03-24',1,1,10,'0'),(614,1,'I1143844','work from home','2015-03-23 01:08:25','2015-03-23',3,1,10,'0'),(615,1,'I1639656','tickets - nothing new needs attention','2015-03-23 01:09:05','2015-03-23',5,1,10,'0'),(616,1,'I1900900','landing page','2015-03-23 01:09:58','2015-03-23',2,1,10,'0'),(617,1,'I1297768','wwf.sg hide banner and tiger front','2015-03-23 03:44:22','2015-03-23',1,1,10,'0'),(618,1,'I1519938','on half day','2015-03-24 01:15:40','2015-03-24',4,1,10,'0'),(619,1,'I1563521','tickets','2015-03-24 01:32:07','2015-03-24',5,1,10,'0'),(621,1,'I1840272','email Jeff about half day and agenda','2015-03-24 01:38:15','2015-03-24',3,1,10,'0'),(622,1,'I1134391','reply Andrew/Joe','2015-03-24 01:51:41','2015-03-24',2,1,10,'0'),(634,1,'I1585155','D/R','2015-03-26 03:50:18','2015-03-26',2,1,10,'0'),(635,1,'I1639753','Troubleshoot Gland VPN','2015-03-27 01:48:36','2015-03-26',1,1,10,'0'),(628,1,'I1224789','9 pm DAM demo','2015-03-25 02:50:28','2015-03-26',3,1,10,'0'),(630,1,'I1873232','WWF NZ donation form changes','2015-03-25 02:50:55','2015-04-06',3,1,10,'0'),(631,1,'I1608445','shaw','2015-03-25 03:55:03','2015-03-25',1,1,10,'0'),(632,1,'I1489417','Release landing page extra options','2015-03-25 08:14:51','2015-03-30',2,1,10,'0'),(633,1,'I1236909','3:30pm tech catchup','2015-03-25 08:14:58','2015-03-31',2,1,10,'0'),(636,1,'I1781414','Troubleshoot Gland VPN','2015-03-27 01:48:44','2015-03-27',3,1,10,'0'),(637,1,'I1864663','D/R','2015-03-27 01:48:46','2015-03-27',2,1,10,'0'),(638,1,'I1936342','Tickets - nothing','2015-03-27 01:49:59','2015-03-27',1,1,10,'0'),(639,1,'I1914869','EH','2015-03-28 09:57:57','2015-03-28',1,1,10,'0'),(640,1,'I1192203','EH','2015-03-28 09:57:59','2015-03-29',1,1,10,'0'),(641,1,'I1036558','colorbox bug','2015-03-30 01:49:45','2015-04-01',3,0,10,'0'),(642,1,'I1803242','check landing page issue (wwftest)','2015-03-30 01:49:55','2015-03-30',4,1,10,'0'),(643,1,'I1012381','shaw','2015-03-30 01:50:01','2015-03-30',5,1,10,'0'),(644,1,'I1119767','EH recap','2015-03-30 01:50:04','2015-03-30',1,1,10,'0'),(645,1,'I1872012','Tickets','2015-03-30 01:50:19','2015-03-30',3,1,10,'0'),(646,1,'I1907244','Release landing page extra options','2015-03-30 07:58:19','2015-03-31',1,1,10,'0'),(647,1,'I1785757','Test dev speed test','2015-03-30 07:58:25','2015-03-31',3,1,10,'0'),(648,1,'I1797038','Switchover script - IP address','2015-03-30 07:58:48','2015-04-01',2,0,10,'0'),(649,1,'I1888403','Test dev speed test','2015-03-31 08:18:27','2015-04-01',1,1,10,'0'),(650,1,'I1498229','Release landing page extra options','2015-03-31 08:18:49','2015-04-01',4,1,10,'0'),(651,1,'I1065844','Colorbox bug','2015-04-06 01:50:55','2015-04-06',4,1,10,'0'),(652,1,'I1211754','D/R','2015-04-06 01:50:58','2015-04-06',2,1,10,'0'),(653,1,'I1802387','Test dev: next step','2015-04-06 01:51:28','2015-04-07',1,1,10,'0'),(655,1,'I1584065','Send travel request memo to Jeff','2015-04-06 03:56:09','2015-04-06',1,1,10,'0'),(656,1,'I1564712','D/R','2015-04-07 01:53:03','2015-04-07',4,1,10,'0'),(657,1,'I1748878','3pm Tech catchup','2015-04-07 01:53:07','2015-04-07',3,1,10,'0'),(658,1,'I1296775','12pm Goodie bag collect','2015-04-07 01:53:17','2015-04-07',2,1,10,'0'),(659,1,'I1936465','WWF NZ Donation form changes','2015-04-07 03:47:15','2015-04-07',5,1,10,'0'),(660,1,'I1498761','4:30pm catch up with Jeff about SSO &amp; scalability','2015-04-07 06:10:28','2015-04-08',2,1,10,'0'),(661,1,'I1262117','D/R','2015-04-08 01:39:23','2015-04-08',1,1,10,'0'),(662,1,'I1044608','Buy flight ticket','2015-04-09 05:05:49','2015-04-09',8,1,10,'0'),(663,1,'I1236097','Enter personal data to SwissAir','2015-04-09 05:06:01','2015-04-30',4,0,10,'0'),(664,1,'I1606520','Work from home','2015-04-09 05:06:13','2015-04-09',7,1,10,'0'),(665,1,'I1374391','3-5pm Divisional meeting','2015-04-09 05:06:51','2015-04-09',6,1,10,'0'),(666,1,'I1412222','Money','2015-04-09 05:07:00','2015-04-09',5,1,10,'0'),(667,1,'I1360848','IRAS','2015-04-09 06:54:49','2015-04-09',4,1,10,'0'),(668,1,'I1055795','D/R','2015-04-13 02:18:47','2015-04-10',1,1,10,'0'),(669,1,'I1923251','Shichida class','2015-04-13 02:19:14','2015-04-12',3,1,10,'0'),(670,1,'I1182029','Bugis','2015-04-13 02:19:18','2015-04-12',2,1,10,'0'),(671,1,'I1112367','World street food festival','2015-04-13 02:19:29','2015-04-12',1,1,10,'0'),(672,1,'I1004064','City square dinner','2015-04-13 02:19:43','2015-04-11',1,1,10,'0'),(674,1,'I1060501','Calculate CPF','2015-04-13 02:20:51','2015-04-09',1,1,10,'0'),(675,1,'I1893071','D/R test, finalize, prepare presentation','2015-04-13 02:21:06','2015-04-15',1,1,10,'0'),(676,1,'I1003944','Landing page - article list container','2015-04-13 02:21:30','2015-04-27',4,0,10,'0'),(677,1,'I1225627','Tickets','2015-04-13 02:21:37','2015-04-13',3,1,10,'0'),(678,1,'I1865769','3pm Tech catchup','2015-04-13 02:21:55','2015-04-13',2,1,10,'0'),(679,1,'I1866912','3:30pm D/R walkthrough','2015-04-13 02:22:06','2015-04-17',2,1,10,'0'),(680,1,'I1973981','Think about self-healing in server','2015-04-13 02:38:07','2015-04-13',1,1,10,'0'),(681,1,'I1874537','Follow up Explorer wwftest schemas refresh','2015-04-13 02:51:55','2015-04-16',6,1,10,'0'),(682,1,'I1989358','WMTools for video - AWS E.Transcoder','2015-04-13 08:12:17','0000-00-00',3,0,10,'0'),(683,1,'I1286537','OrangeLogic API','2015-04-14 01:17:29','2015-04-14',4,1,10,'0'),(684,1,'I1252072','Send email to Olivier','2015-04-14 01:17:31','2015-04-14',6,1,10,'0'),(685,1,'I1719483','Tickets','2015-04-14 01:17:33','2015-04-14',5,1,10,'0'),(686,1,'I1337405','Self healing script - apache, coldfusion','2015-04-14 01:55:16','2015-04-20',2,1,10,'0'),(687,1,'I1562206','Pass HSBC slips, account stmt, loan contract to andre','2015-04-14 03:03:33','2015-04-15',2,1,10,'0'),(688,1,'I1465505','Mike email about landing page','2015-04-14 03:10:58','2015-04-14',3,1,10,'0'),(690,1,'I1970782','CPF education scheme','2015-04-14 03:32:43','0000-00-00',4,0,10,'0'),(691,1,'I1185227','9:30pm DAM API meeting','2015-04-14 06:41:17','2015-04-14',1,1,10,'0'),(692,1,'I1899807','prepare orangelogic meeting','2015-04-14 07:42:41','2015-04-14',2,1,10,'0'),(693,1,'I1364398','Apply stFeature problem fix to git and release','2015-04-15 02:30:08','2015-04-15',4,1,10,'0'),(694,1,'I1291952','Tickets','2015-04-15 02:30:29','2015-04-15',3,1,10,'0'),(695,1,'I1894048','Try out shib on non-coldfusion vhost in peggy-clone','2015-04-15 07:12:48','2015-04-16',5,1,10,'0'),(696,1,'I1675038','D/R test, finalize, prepare presentation','2015-04-16 01:21:37','2015-04-16',3,1,10,'0'),(697,1,'I1101220','Try out wwftest schemas','2015-04-16 02:44:30','2015-04-16',4,1,10,'0'),(698,1,'I1029930','The problem with landing page','2015-04-16 02:44:42','2015-04-16',2,1,10,'0'),(699,1,'I1910462','SSO - watermarking tool, email Olivier','2015-04-16 03:05:08','2015-04-20',4,1,10,'0'),(725,1,'I1092959','Tickets','2015-04-21 01:18:22','2015-04-21',6,1,10,'0'),(702,1,'I1165519','Problem disabling donate tab (Mike)','2015-04-16 03:06:24','2015-04-16',1,1,10,'0'),(703,1,'I1400880','work from home','2015-04-17 08:23:06','2015-04-17',1,1,10,'0'),(704,1,'I1892224','PEC @ NTUC building 7:15 pm - 10:30 pm','2015-04-17 08:23:31','2015-04-29',1,0,10,'0'),(705,1,'I1691098','3pm Tech catch-up','2015-04-17 08:23:38','2015-04-27',6,0,10,'0'),(706,1,'I1522706','Playground','2015-04-20 02:11:33','2015-04-18',1,1,10,'0'),(707,1,'I1562690','Shichida class','2015-04-20 02:11:39','2015-04-19',3,1,10,'0'),(708,1,'I1320202','Orchard','2015-04-20 02:11:46','2015-04-19',2,1,10,'0'),(709,1,'I1188261','Sushi dinner','2015-04-20 02:11:49','2015-04-19',1,1,10,'0'),(710,1,'I1193783','Shaw','2015-04-20 02:12:05','2015-04-20',5,1,10,'0'),(711,1,'I1749456','Reply Olivier','2015-04-20 02:12:08','2015-04-20',9,1,10,'0'),(712,1,'I1649134','Check GVN resource type problem','2015-04-20 02:12:19','2015-04-20',8,1,10,'0'),(713,1,'I1914533','3pm Tech catch up','2015-04-20 02:12:24','2015-04-20',1,1,10,'0'),(714,1,'I1978930','2-5pm New citizen ceremony @ mount batten CC','2015-04-20 02:12:59','2015-04-25',1,1,10,'0'),(715,1,'I1316448','11:45am Shichida','2015-04-20 02:13:07','2015-04-26',2,1,10,'0'),(717,1,'I1081257','Tickets','2015-04-20 02:32:06','2015-04-20',7,1,10,'0'),(718,1,'I1164261','Update housing expenses add PUB Apr 2015','2015-04-20 02:34:58','2015-04-20',6,1,10,'0'),(719,1,'I1645747','D/R emails: CC test','2015-04-20 02:41:15','2015-04-20',3,1,10,'0'),(720,1,'I1011251','SSO - watermarking tool live, gvntest, gvn, clonepad, pad','2015-04-20 06:29:51','2015-04-28',1,0,10,'0'),(726,1,'I1167144','Self healing script - apache, coldfusion','2015-04-21 01:18:33','2015-04-21',1,1,10,'0'),(727,1,'I1370765','Reply olivier about GVN','2015-04-21 01:18:41','2015-04-21',5,1,10,'0'),(728,1,'I1813745','Mike\'s landing page footer committed to git','2015-04-21 01:40:12','2015-04-21',4,1,10,'0'),(729,1,'I1761389','Landing page html tag lang attribute','2015-04-21 01:40:32','2015-04-21',3,1,10,'0'),(730,1,'I1960383','Landing page: article list container','2015-04-21 03:08:57','2015-04-23',1,1,10,'0'),(731,1,'I1733300','D/R: db dump size','2015-04-21 06:29:43','2015-04-21',2,1,10,'0'),(732,1,'I1512230','Landing page: anchor label','2015-04-21 06:49:14','0000-00-00',1,0,10,'0'),(733,1,'I1835573','D/R: check wwfnz_core problem','2015-04-22 02:23:50','0000-00-00',2,0,10,'0'),(734,1,'I1469974','Self healing script - apache, coldfusion','2015-04-22 02:24:09','2015-04-22',1,1,10,'0'),(735,1,'I1801661','Self healing script - apache, coldfusion','2015-04-23 02:28:17','2015-04-24',3,1,10,'0'),(736,1,'I1148265','GVN home page update','2015-04-23 03:40:42','2015-04-23',2,1,10,'0'),(737,1,'I1095821','Landing page: article list container','2015-04-24 02:08:34','2015-04-24',2,1,10,'0'),(738,1,'I1493944','Tickets','2015-04-24 02:08:36','2015-04-24',4,1,10,'0'),(739,1,'I1805315','Page title switch','2015-04-24 03:01:09','2015-04-24',1,1,10,'0'),(740,1,'I1434904','apply leave for thu','2015-04-26 22:05:39','2015-04-27',10,1,10,'0'),(741,1,'I1236124','Get a haircut','2015-04-26 22:05:45','2015-04-30',3,0,10,'0'),(742,1,'I1264129','HSBC Tampines - Change CPF & ask about \"INS\"','2015-04-26 22:05:56','2015-04-30',1,0,10,'0'),(743,1,'I1047230','shaw','2015-04-26 22:06:30','2015-04-27',9,1,10,'0'),(744,1,'I1556593','Self healing script: test killing jrun / add more switches via amazon sms','2015-04-26 22:06:46','2015-04-27',5,0,10,'0'),(745,1,'I1142992','meet cc','2015-04-26 22:11:44','2015-04-26',1,1,10,'0'),(746,1,'I1264856','Page title switch','2015-04-26 22:11:54','2015-04-27',3,0,10,'0'),(747,1,'I1227179','Submit SC cert and pink IC to HR','2015-04-26 22:12:38','2015-04-27',8,1,10,'0'),(748,1,'I1999386','Tickets - Ninja\'s linking image to pdf file','2015-04-26 22:26:24','2015-04-27',2,0,10,'0'),(749,1,'I1782734','Download maps @ android phone (maps.me)','2015-04-27 01:55:53','2015-04-27',7,0,10,'0'),(750,1,'I1898694','Landing page - roll out donatetab switch fix','2015-04-27 01:58:19','2015-04-27',1,0,10,'0');
/*!40000 ALTER TABLE `weegly_items` ENABLE KEYS */;
UNLOCK TABLES;

--
-- Table structure for table `weegly_users`
--

DROP TABLE IF EXISTS `weegly_users`;
/*!40101 SET @saved_cs_client     = @@character_set_client */;
/*!40101 SET character_set_client = utf8 */;
CREATE TABLE `weegly_users` (
  `user_id` int(11) NOT NULL AUTO_INCREMENT,
  `user_code` varchar(255) DEFAULT NULL,
  `user_email` varchar(255) DEFAULT NULL,
  `user_password` varchar(255) DEFAULT NULL,
  PRIMARY KEY (`user_id`)
) ENGINE=MyISAM AUTO_INCREMENT=4 DEFAULT CHARSET=latin1;
/*!40101 SET character_set_client = @saved_cs_client */;

--
-- Dumping data for table `weegly_users`
--

LOCK TABLES `weegly_users` WRITE;
/*!40000 ALTER TABLE `weegly_users` DISABLE KEYS */;
INSERT INTO `weegly_users` VALUES (1,'0bee-89b0-7a24-8e27-c83f-c3d5-9512-13c1','tonyprawiro@gmail.com','f1cb5b4ac4c4a4427feb6df90200443e3d9a9233'),(2,'9365-d981-24ac-00d5-76c5-b3d5-2e1a-f936','shantychan@gmail.com','e95602a2052d8b36b0e49fc37a2d2fdd3425c55c'),(3,'3994-9838-01f6-1f7a-4ab2-bc58-cf75-3e54','guest','8569aad3fe41f1ab099fdab46d52cc48e37e2b09');
/*!40000 ALTER TABLE `weegly_users` ENABLE KEYS */;
UNLOCK TABLES;
/*!40103 SET TIME_ZONE=@OLD_TIME_ZONE */;

/*!40101 SET SQL_MODE=@OLD_SQL_MODE */;
/*!40014 SET FOREIGN_KEY_CHECKS=@OLD_FOREIGN_KEY_CHECKS */;
/*!40014 SET UNIQUE_CHECKS=@OLD_UNIQUE_CHECKS */;
/*!40101 SET CHARACTER_SET_CLIENT=@OLD_CHARACTER_SET_CLIENT */;
/*!40101 SET CHARACTER_SET_RESULTS=@OLD_CHARACTER_SET_RESULTS */;
/*!40101 SET COLLATION_CONNECTION=@OLD_COLLATION_CONNECTION */;
/*!40111 SET SQL_NOTES=@OLD_SQL_NOTES */;

-- Dump completed on 2015-04-27  2:22:56
